RMS_Voltage,Peak_Voltage,THD_Percentage,Fault_Type
230.00332437182036,329.35389911275627,0.6517769190826522,0
212.51341347526215,328.49672226059437,2.9274865491829187,1
263.5113946012673,508.6472896331033,3.9440198052205666,2
534.3620742295433,911.9392681489359,5.3261085545307925,3
235.3899277479196,292.52104538028925,21.778969427011972,4
230.00877352599758,330.3487304515108,0.6488933491717663,0
214.79168886774937,330.3487304515108,6.179397575375107,1
257.69034317635953,568.9299362182302,5.099360572033547,2
513.0512642163919,838.7318157782415,4.300990586033859,3
231.08490122751957,325.84767538198514,9.706529251939228,4
230.01810855294875,329.93093857990084,0.6494883765361692,0
218.38947541267171,329.93093857990084,1.866775715920407,1
255.01411723933512,514.5618529882686,3.1235885049950936,2
515.019516971446,945.1848035296249,7.105183420230657,3
230.86364818330964,327.8923226492442,8.606944670434492,4
230.0132732168746,329.80241548659507,0.6501793806585386,0
216.55092415297457,329.19091740362194,3.157267915044263,1
250.6954149343828,487.1829565350268,3.1823301672828284,2
370.2860133288112,672.2391669011571,4.5419150658556,3
231.8843999896869,319.63743919739784,12.797998089448392,4
230.04126310782917,329.8455592981526,0.6437034226645039,0
204.46770591005702,329.8455592981526,4.241598329522233,1
244.1838318209433,415.40928104087465,1.8951730925726347,2
583.4522246379672,986.7543640338141,5.089351901403476,3
232.4348587610992,343.2060228988177,14.47781748317194,4
230.00688889733365,329.57638272526793,0.6536423737120706,0
202.94732084728852,329.57638272526793,6.295439110613289,1
247.83171445660878,442.93796555444897,2.5231602435014757,2
551.1525329529529,893.5980196382773,5.6531823728171195,3
230.8278074442351,333.9960749027461,8.481733796864797,4
230.02024729611855,329.80521478846975,0.6514115585503509,0
207.49066940494737,329.2007930714353,3.6670708818989874,1
264.66587249749807,534.1712692123393,4.339156017451911,2
414.6240291586089,729.216874043325,5.4984555090105935,3
233.1817040493715,312.3999403724035,16.649635125204416,4
229.98786727207283,330.8896921976441,0.6475870394186257,0
197.06336930243666,330.8896921976441,9.383876566486931,1
247.64247924559612,515.4599851003942,4.820958247747133,2
567.22622719733,983.5653360310681,6.50588588155982,3
231.3821054174084,323.2026136115185,11.047014333762158,4
230.00509527509791,330.13822619563746,0.6436601054321657,0
214.65189185592118,330.13822619563746,2.4469827611579955,1
246.09550057839897,415.8154546045488,1.7788308256082204,2
511.0281165717994,803.4729872523291,4.080715255630587,3
232.18589689021377,346.97325329401417,13.818538973716654,4
230.02014743717913,328.99258738689764,0.6471932876637919,0
217.66193636545927,328.99258738689764,4.6451664464802995,1
253.97304836531566,548.7994361768514,5.186418484211268,2
520.544236383549,942.4689168992055,6.520168311956008,3
232.44807932563774,340.68402142781133,14.58245659025372,4
230.01299387035812,329.67557615461715,0.6444455013335366,0
210.3178900675234,329.3639039774663,3.4073395513093905,1
238.21932095650916,383.5740918287089,1.4414221690706035,2
468.90598959546156,801.7259637298511,5.53520819448435,3
232.95133913266554,301.8769743165108,16.048422672439504,4
230.0013450399541,329.1694366306051,0.6539702784852447,0
207.010863609794,329.1694366306051,5.095131916523348,1
250.01256647768716,522.0497394614163,4.079841050767641,2
431.5659750466029,760.9052777939522,4.392384724653754,3
236.53324061016843,314.39809888619754,24.010527760730685,4
230.03085096135248,329.3825949576376,0.6463682671662496,0
197.21104857202167,329.3825949576376,7.204485489488927,1
237.83630649395155,413.46546666308274,2.0412456224953957,2
558.932611132694,904.361206070263,4.65691784422859,3
231.86991638535736,348.8617887702612,12.687041674985847,4
229.96889691887296,329.0065667352872,0.6529006584975694,0
212.6679286519036,329.0065667352872,5.157715367841466,1
253.3260110772884,443.4446066883836,2.4415513126860664,2
544.667580803567,906.7237639819001,5.7927125699856985,3
231.24571932689182,331.08933915119394,10.572719419970863,4
230.01542370019504,330.6785533339563,0.6490811121047346,0
219.10757418707692,330.6785533339563,1.9369783049206553,1
263.3671298436552,563.2541134305108,5.798632306061859,2
471.77479536360795,942.6499134605033,6.053708841248783,3
232.27290259181967,309.97528374688693,14.059954019223126,4
230.00441377724331,330.3514980860358,0.6460882566781684,0
210.4319159612478,330.3514980860358,4.250405167356129,1
251.41295906098694,560.4786967693124,4.837681478816838,2
563.194205226799,982.3653877220993,5.526641073517403,3
234.44894039924174,307.1195253411254,19.76464228489316,4
230.00038380985566,330.3441135992881,0.6549579119215287,0
214.85247193019276,330.3441135992881,6.6548941674445805,1
259.51967644294007,465.98050034545855,3.0810233311120476,2
426.095521796549,673.5377976421156,3.9071124081775226,3
234.12033378804364,315.66879381147464,19.023911899147958,4
230.01734194176677,329.48667869402743,0.6421822690658429,0
217.23175403474355,329.48667869402743,1.630995124265581,1
261.71333744722114,474.36463921692297,2.5580198135897745,2
499.4002144475137,832.2405966895747,4.573057562422308,3
234.25982094687387,318.6667304744191,19.305781515440394,4
230.00511491441233,329.4582542042336,0.6514633602820902,0
218.2553943194506,329.4582542042336,4.74722772574591,1
252.09963888354798,429.2822471539782,2.0514702791969874,2
413.03636688147276,673.7509877519988,3.9608886341781067,3
232.30046589958528,344.661446032911,14.178160239708193,4
229.99193894338205,330.0414204236221,0.6430482249056899,0
207.31011651154284,330.0414204236221,3.4949668658494955,1
260.4277083277857,536.2280253832179,4.096697288233043,2
533.0994946522765,841.263951405544,4.253940541073232,3
233.22626296322179,343.81516039525184,16.842160877489853,4
230.0093289595248,329.9164092637803,0.6446485512021011,0
213.1881233770471,329.9164092637803,3.6951859195290377,1
282.3306890144858,577.3302210110339,5.4668149508354045,2
419.8072303388505,827.1158655010069,5.5972090595406705,3
235.26593016494343,323.2283630216083,21.51128022516423,4
229.98401017035283,329.2554666046441,0.6464391237757108,0
211.97755298744787,329.2554666046441,3.6104564509711605,1
258.07840944082454,453.9957768215461,2.6081400822900354,2
404.5738091529206,702.0068433399985,4.437876664588607,3
236.19411054247985,308.29124967272605,23.40466907624026,4
230.0332099974381,329.7476841337787,0.6464349266230928,0
212.01326197239902,329.7476841337787,8.035490293170652,1
251.66862775926924,424.1101018364495,1.999631421572956,2
555.8216081153248,984.0680472973995,5.7573961309250885,3
233.25742371410323,294.7451837402403,16.81428921281295,4
229.98147589118395,328.94154547354066,0.6450335526005027,0
216.06620639030783,328.94154547354066,8.232385481289837,1
261.30366390792767,583.4365056919586,5.927130661271021,2
437.51389687782347,724.1701564760502,4.45056516063429,3
233.87704529936073,293.9634658148332,18.495190532727758,4
230.0341577565139,329.36455234740407,0.639306777069933,0
227.5715549069718,329.36455234740407,0.882292345151635,1
254.13005966583248,440.1839148766042,2.4313921271798984,2
404.5840952202032,805.7338807218107,5.4553066205961365,3
233.74423311278866,309.44176500257623,18.044135308854855,4
229.99441614018346,329.9413385594623,0.640956868041046,0
210.34141685832736,329.9413385594623,6.177687209475949,1
235.4721094743978,376.5606867933461,1.1759773988766395,2
486.6490679291974,770.7873990156469,3.956316627718807,3
231.55324928879807,334.2246801220361,11.68031830478987,4
230.00143252491188,330.3096685947079,0.6466291361408321,0
213.11812381625325,329.3626029500953,3.2193318840287213,1
252.43321011964218,466.545076652279,2.4544942390630835,2
412.2694702195065,686.9536381223852,4.354247874265991,3
233.58228400578304,345.2432539028522,17.72658320368518,4
230.01397287034746,330.19886278466316,0.6525560951913154,0
212.68512638750556,328.7743997520133,2.8720959704443496,1
289.85154541109966,575.4723343865655,4.285877097006456,2
503.0728337177975,963.3695433872169,6.993193069220919,3
234.6820939309093,326.0923161659268,20.259842867779323,4
229.99028897731424,328.9574215445397,0.6498683830516729,0
213.80130934700884,328.9574215445397,6.793846411032989,1
247.72407561521874,480.365487341848,3.4010274705289936,2
542.7828495899387,861.0076714050997,5.000312882095779,3
232.9158733456323,350.35209047154717,16.014392769455792,4
230.00618395261642,329.732307245549,0.6504945318173685,0
210.89342188512646,329.4383320086065,5.133916406705265,1
239.16417877314763,412.71767218790706,2.3460875466763653,2
414.46887610543007,831.9839996294078,6.737908699880586,3
236.60008174042247,313.9023649898627,24.125375264784175,4
230.00500811717745,329.01834108525543,0.6418452586791261,0
205.09001306419884,329.01834108525543,7.876799467519531,1
265.72421743711925,568.457478733659,5.1860370170157575,2
402.6535055982628,668.4896236706144,3.8882647716580108,3
231.7581527716296,330.5938972502636,12.387225748844577,4
230.02737544252824,329.6891403527777,0.6465941944289014,0
216.2171777205925,329.6891403527777,4.735632515454786,1
269.61426326963107,568.9464328723053,4.934591547134048,2
507.7213753904986,934.1988909883646,6.397375079450008,3
236.2676947637797,307.46148336111196,23.460026907062705,4
230.0237721131965,328.7946138263372,0.6494125035270778,0
207.4064764972575,328.7946138263372,3.823659851531893,1
241.92212781764096,396.7325689093682,1.591783439068292,2
404.6514725303364,667.248755632581,4.124628813252175,3
232.00483353174914,336.560804627451,13.168875393825921,4
229.99833781083237,329.76561533360115,0.6476842801074861,0
212.83125934337735,329.76561533360115,4.180927352150915,1
249.44093337503443,447.6226655245753,2.968289530305309,2
578.284627367475,925.811584672188,4.789321416646544,3
232.08611346931428,346.27323501553184,13.520289458143056,4
230.00771769856422,328.4520832967714,0.6479594867191777,0
199.89462100859447,328.4307627382318,7.4304258220368276,1
248.76089073573291,448.44589758728995,2.978954013628602,2
522.4654278626324,820.0238139585271,5.157224399301431,3
235.50965521397708,304.0047258011957,22.013080269374434,4
229.99506799586544,329.50834410650776,0.6457596529249139,0
210.73253275473058,329.50834410650776,3.5688149422676374,1
279.49117970683886,580.225479046798,5.262228439367159,2
416.311899627555,715.9515830603614,4.67871402544185,3
235.27568380927318,310.5731839320316,21.561583875341732,4
230.00475328232127,329.2308058670092,0.6515442335851261,0
220.83161823276725,329.2308058670092,3.8966028638595227,1
263.6791559800543,556.0113942333395,4.579558766297172,2
439.53143132254206,806.8008632376561,5.127316548815494,3
235.56961048053492,301.4635224379124,22.140234083640753,4
229.9975066210347,329.4038748241621,0.6464098390696528,0
208.24448690368953,329.4038748241621,5.657382124634721,1
240.29452900075177,391.6536242907952,1.2783955701497198,2
381.9786021925443,711.3910266039811,4.554173650352001,3
231.04091511903732,332.9463281243121,9.558223922885515,4
230.0220224492165,329.76612006118086,0.6563348288508299,0
218.36286941755745,329.76612006118086,5.301696071634724,1
245.25689936905533,434.657077433133,2.302471308741405,2
416.72874370106337,756.0162714483988,5.873694719964286,3
233.40261632120152,336.1553309633506,17.22034270211303,4
230.0047922697532,329.58791855089004,0.6551017410358335,0
222.6155969645498,329.58791855089004,2.1564579066591394,1
267.0328620574674,488.92228565926945,3.4652884090759435,2
595.3005745175924,961.3662256887787,6.203509072934486,3
233.89576142357427,304.8942141943517,18.483610883267083,4
230.00027326596083,329.7055567836835,0.6516795259157927,0
223.93246541581274,329.7055567836835,1.330882310746267,1
235.66751996025187,391.9557367531538,1.7645484233208437,2
550.6623906598726,942.6558980936053,6.410013183187854,3
233.71433676031504,314.6773393388643,18.05569016364155,4
230.01179406637132,329.2349697066401,0.6479017508397463,0
224.94944427021235,329.2349697066401,1.4273167793365868,1
240.23710583417312,385.12251083933904,1.4878434415600654,2
393.3585622556233,769.7675731040329,5.838640246613608,3
234.70999046490275,289.5557337991266,20.325534161143292,4
230.00869376221618,329.27581422225717,0.652442067590219,0
213.59746462814434,329.27581422225717,3.6240077387701284,1
258.1391681679249,541.9692319419732,4.635535406414284,2
399.5919692598206,691.8525287626811,3.873618908174168,3
233.82309374300814,324.01365841337554,18.29930814855025,4
230.00174425709403,329.6267419975463,0.6431588418309142,0
205.30171736860666,329.15213298503687,4.884146466174105,1
236.09567495303767,396.92235783073005,1.9186689184012944,2
576.764652760249,910.127988046986,5.0624461305504305,3
233.97649236038882,300.78506907156407,18.682675327985113,4
229.98577027940954,329.27720942558614,0.6417884222775088,0
216.62209382256583,329.27720942558614,6.614294819836915,1
265.6483716900083,545.4721283998691,3.3526350689304754,2
560.7589732201577,939.5706849583349,4.948267964197727,3
232.81849463524253,300.29667320616727,15.756852077705908,4
230.00558858910227,330.85198773109914,0.6438809136372279,0
218.902124147654,330.85198773109914,3.0639990536300377,1
242.2316488505024,432.7865663670919,2.1540979325027396,2
481.97692379303174,840.4377694366766,5.589035075525448,3
236.20964450413564,318.54755223730115,23.39194786392201,4
230.00210086469068,329.7499290905441,0.6466752563857676,0
213.00019461990806,329.7499290905441,6.561922887131355,1
252.1646579227837,452.07325376051074,2.5774169117466337,2
447.92847729101317,702.405534290809,3.87406520912795,3
233.39139980258648,330.8995627436048,17.24300375270227,4
230.0024206198483,329.459413724802,0.6476253974188488,0
220.64937542963708,329.459413724802,2.2945337238679855,1
240.2935808888298,431.97398981123354,2.640980250474835,2
408.36202184912423,813.236336298406,6.725252741196034,3
234.0719860914119,323.41327207212544,18.905997316469705,4
229.99368165835114,329.4256002039199,0.6500231366286999,0
216.77690260613446,329.4256002039199,2.9908348849550226,1
242.22308110345304,416.3266817715522,2.0194350257889604,2
527.0906034073969,898.8640244890871,5.23951944678524,3
232.05247458660378,338.29657970714675,13.426164817726663,4
229.99357744109446,329.1185023079194,0.6436041360661319,0
219.95313722513782,329.1185023079194,2.8840926907463245,1
234.52948905984184,375.76093970237724,1.4230421634546717,2
570.5291885024022,929.0089216478796,5.480666553020381,3
231.44072268318786,316.3506640712291,11.254228437507425,4
230.00580200894325,329.53316750522924,0.6557091120298678,0
206.97348127994758,329.53316750522924,4.7194143028396285,1
246.9741953080828,518.8270457695545,4.737196405929471,2
512.0362157328295,896.3760376066833,5.888411076102052,3
233.4604494136514,334.87656088273206,17.4096416545703,4
230.00417018830538,329.64716407629084,0.6425981309255091,0
209.30411326143204,329.64716407629084,5.725700203760942,1
235.7648427351252,384.4735971138174,1.2150532914664343,2
473.70637797577183,749.3605471508067,4.780132036136427,3
234.88822958238532,296.47568281002435,20.72759332708212,4
230.01861455142463,329.1757031543699,0.647962129407563,0
209.56440876709354,329.1757031543699,3.775696622239326,1
240.5265274531183,453.4931326142493,2.876037577880746,2
361.8373628123162,711.8365451533103,5.170034593319642,3
234.6018284621037,312.95863644590105,20.07275055054286,4
230.03581639381537,329.0725812362271,0.6425546661523052,0
223.8772649465241,329.0725812362271,1.322790205516193,1
255.27358736753425,503.16319710210416,3.572800150297417,2
473.4167685192181,814.5214417444868,4.495340605052587,3
235.30067731679796,320.2853280706161,21.527031141258185,4
230.00722671083608,330.5265425698082,0.654116212459745,0
225.36017030964544,330.5265425698082,0.9191070228311412,1
234.67739919690692,364.0726449496025,0.9498702088891676,2
506.16834450144904,883.780190756375,6.185119245398103,3
231.83367277025658,314.6758488128694,12.644434829535445,4
230.00463677938234,329.18475921343924,0.6544956386203129,0
224.37811028605705,329.18475921343924,1.1958572058666759,1
248.98225335193598,453.1816203818455,2.8951004002079017,2
483.38663716491146,899.5466846215049,6.6516771719426036,3
234.81711235693808,329.92691196507593,20.5740679540433,4
230.0103602075634,328.97238077834885,0.6524839349915245,0
212.96984183508212,328.97238077834885,3.477100714482426,1
238.2433573119752,400.46204385663674,1.5376670100512357,2
575.0915660763551,914.8030983223284,4.548284763510816,3
234.80607697490905,303.4959754668389,20.537555267639362,4
230.00557618892316,330.7890588461124,0.6500293360596461,0
217.34157944247505,330.7890588461124,4.2577268005236135,1
235.65674676293392,375.94982742739757,1.207628514928459,2
419.9233117620652,677.6075153219106,3.440930655382025,3
231.56748913119148,348.2694961717189,11.69207995859013,4
230.0072739329826,329.4119345857033,0.6437157097634237,0
204.66082860957408,329.4119345857033,5.568987436486274,1
253.78494603265705,567.2645217512814,4.664120686602912,2
535.4231510846975,966.7464522539317,5.821370994049718,3
232.9058990253616,315.6847959476314,15.939246298192304,4
229.98184041960428,328.92873440570827,0.6419222888806285,0
212.11387731483532,328.92873440570827,7.0799123943201785,1
272.4793215240505,580.0298568506349,4.459811952877059,2
429.5912101014562,721.7603572385019,5.101200354899464,3
232.7324902379249,345.6540521534518,15.52605618126231,4
230.00034458040446,330.82324536452137,0.6520802213975033,0
211.57925616423978,330.82324536452137,4.2176766559816015,1
255.68051413886874,495.2238415120102,3.541012475884607,2
443.61355976176117,700.9121373196002,3.9035943303167433,3
232.68532505951438,348.0261307800138,15.338653960775511,4
229.99590077585654,329.2003340719774,0.6454431055904103,0
214.22424625017717,329.2003340719774,3.8291116847961617,1
251.10127210345823,547.2946289598261,4.59330218665024,2
504.2813793064198,954.5859069217154,7.1782657513973005,3
231.40579202633486,339.6386227797292,11.108509570343603,4
230.00301518097925,330.6177966540421,0.6519462525804136,0
214.61146795279242,330.6177966540421,7.08538320071416,1
238.96035964060826,409.72011720314197,2.023210037761479,2
369.1172323962626,677.2315126005411,4.593012413392749,3
233.63842871460318,324.42928301247343,17.86213261817365,4
229.99591629965374,329.8095217170334,0.6507599888000928,0
219.28471782728337,329.8095217170334,1.5499735935001624,1
264.6947974256051,510.2493591115204,3.8727135722661767,2
449.90833185259606,842.6790177927652,4.92870118293255,3
233.9315542267965,341.5064930836398,18.590370340561844,4
229.99784684816152,330.0370943917879,0.6435077175305917,0
206.8360690544849,329.0822373347015,3.563403122907475,1
235.14457319557206,373.25071711782454,1.2156267657278748,2
412.63778557467805,666.1433253975986,4.145832672443798,3
233.5978789641072,311.48160626905576,17.77432166574767,4
230.00377898716536,329.8873483941737,0.6573985554242466,0
197.09272282830938,329.12741286061856,8.024234047386166,1
258.2919996702462,496.23010139228086,3.5182717389150615,2
421.83405070518654,776.6376965666497,5.018219040767534,3
232.7571770051154,339.54606046866655,15.533761218960116,4
230.0296763808424,330.57883998065614,0.6572185291177965,0
221.47342094768177,329.1814771722001,2.775548197496206,1
252.53877374949306,429.3869631702821,2.059635536129512,2
440.8653736332467,772.166823734423,4.2790887852177315,3
231.73617987123734,321.69059736904103,12.221344692134526,4
230.01386284424407,330.4262768306014,0.6486646881327819,0
219.78158589184244,329.347897067887,1.4482865611904048,1
286.97385317000106,584.5294708941897,4.979215787027908,2
404.15253990706475,742.0940705712114,5.695994331614469,3
231.27431288631868,322.55177479328074,10.503498206899076,4
230.01027084946477,330.085455172483,0.6550213081729246,0
213.51148055898773,329.4208013467977,7.407327433644953,1
235.9897154750711,373.63225514803156,1.133726582843545,2
463.305791644124,893.0647898394067,5.958831725615139,3
236.2216372122346,312.6677901583284,23.40598305237108,4
230.01547092408288,328.5825328306412,0.6424647673355625,0
215.73744983127173,328.5825328306412,6.2142040605787034,1
258.9879269831363,526.7545495039295,3.4744565805168763,2
526.8193661558389,933.8275875514967,5.1356579053056635,3
231.53448256499016,314.7130279989944,11.5296787988603,4
230.00809071304815,329.22186691740984,0.6502134282350306,0
216.73556546606866,329.22186691740984,6.395034370542076,1
241.89569670377705,432.1775402019986,2.7500741106080637,2
534.3517943198829,967.1480058776483,7.045323621568296,3
233.0388043526053,355.7820868905819,16.300349474209536,4
230.02746085899378,329.5048011222407,0.6486479214917128,0
220.23060811371278,329.3372963119912,1.8894144028730713,1
259.2904547142153,471.01258328310047,3.130085912936046,2
599.7388460677929,956.8383617951548,4.654661925061899,3
233.81213268189745,317.14230023157677,18.2264784237582,4
230.00258136329583,328.95620466365745,0.6445760652674367,0
221.5198593071526,328.95620466365745,2.512347005570628,1
255.49839312787577,517.5142209480538,3.863240254052428,2
528.3385661051085,973.3117958266154,6.549373804411471,3
233.41676066204167,313.2425485661129,17.306453864963416,4
230.0304180536563,329.3006439475667,0.6540256004944245,0
200.10167174801035,329.3006439475667,6.460947244133318,1
240.39573486912658,453.0207903422972,2.667242008788925,2
553.1229256711871,879.9296942355714,5.157210249324611,3
231.63821885518522,334.11538677852633,11.862235852864831,4
230.0047062823187,329.2317269860331,0.6471645560745766,0
208.33107964205817,329.2317269860331,3.2600795303904166,1
257.7732556983616,511.09692266757185,2.858580262250537,2
450.4194195713303,782.3601853323195,4.21024765580351,3
232.63997033527994,344.1647145837769,15.195066519261188,4
230.01271869274638,329.15731634732543,0.6474861644945403,0
199.45921956837162,329.15731634732543,4.914894111611715,1
248.32813963973706,494.4365735808982,3.485596978614959,2
427.3112165587305,697.842204275548,4.321036201596222,3
232.18442440046164,308.48725442682735,13.789571486046484,4
230.02432134020705,329.67788943110173,0.6555962527822656,0
221.52854457527593,329.67788943110173,3.3381395187091787,1
250.7886401712328,516.05160585631,4.8997337046872955,2
462.13637411657805,868.8395675760639,5.786892069688724,3
232.73319131427684,314.1285489029167,15.4063606778537,4
230.04490825020252,330.8263331936695,0.6399262875541863,0
196.66040962286652,330.8263331936695,7.5338204063071705,1
241.24280208796577,392.96576305329876,1.6818839644320516,2
445.4403565455675,707.5060577196837,4.179613651090266,3
234.27381667069523,310.78513285626383,19.27339077105327,4
230.00148695230723,330.2513890461872,0.6509490086397832,0
205.40075161237945,330.2513890461872,4.715784197664273,1
237.36906229694216,392.10542756714784,1.725950106787411,2
483.6465416944642,759.140300146503,4.307126021563023,3
232.4862695737432,311.8164022710493,14.753535274928689,4
229.99799822420908,329.8938218885369,0.6539919086592217,0
197.1915432396678,329.8938218885369,9.209410854731507,1
249.86522841636665,480.56865058392765,2.816928276464289,2
523.8718188230974,976.1192132898708,5.6906589646135375,3
231.9744587554908,345.7180266517682,13.154514321619388,4
230.0028634467058,329.22195185922914,0.6534294540444539,0
204.6494225336877,328.6946920746502,3.9331770605436143,1
247.6438598692531,528.28937910263,3.6297929990956908,2
450.0730829318138,792.5274812696016,4.541278129715225,3
231.4321055832637,344.42809322809245,11.184760462681817,4
230.00705108706066,329.092777855028,0.6546067880642609,0
225.00353532751407,329.092777855028,1.8995195662508506,1
240.4830118795479,428.1161130960449,2.3776504205296467,2
478.9934136514812,772.468123677804,4.009043497513321,3
233.03565319001865,324.2338611673736,16.294859744107544,4
229.99044317356956,329.6183762278278,0.6542986976188061,0
215.38319901023078,329.6183762278278,2.967114043180731,1
286.9310669601925,554.9388952209108,4.120313924532122,2
440.069533651785,686.5841045461493,3.8195005540651463,3
233.9475945799834,288.12136875658365,18.641833060334605,4
229.99459419105392,330.63210212693764,0.6506780146559428,0
217.2705117277236,330.63210212693764,4.134395319487864,1
243.77091460364852,474.36540709480613,3.664926433577642,2
528.599295267278,988.0872899864816,5.752376717010582,3
235.01288746939852,319.22500724756947,21.013963018057893,4
230.00322116266187,330.15712057956443,0.6476233494076014,0
216.09918845661988,330.15712057956443,7.291253333088239,1
280.78503560614377,548.9306965103044,4.873740796883856,2
508.12443773533926,883.3820832053815,4.944255027299847,3
236.416771434278,310.3856471174664,23.788887095709264,4
230.01871216661925,329.95897683994184,0.6467937091118106,0
203.3061131921418,329.95897683994184,7.734278027354607,1
237.71791931169,377.8889491653071,1.4176419169361754,2
480.71699574560614,822.0614911720901,5.833047881368147,3
233.3952158739692,337.01732030599356,17.20961346916276,4
229.9834906023744,329.4360375162182,0.6438657288117584,0
220.30027533926832,329.4360375162182,1.653500385019881,1
259.139155824344,470.62931013039804,3.3995198881280513,2
488.1904589601866,772.0006441438229,4.397957653586873,3
232.87064236245763,330.1530790006675,15.908357433828918,4
229.98928397655345,329.4903190726187,0.6455338987876129,0
220.81825678411852,329.4903190726187,2.1992670029745662,1
243.87433205678224,447.4457081092118,2.8997756434521627,2
578.3717626180496,942.0946351044817,5.781733967322385,3
233.6529526475398,325.6809711758391,17.932165359841097,4
229.99366973948807,330.1941037707427,0.644431168466458,0
221.5332863728361,329.79892316954755,2.7591589508042267,1
260.9714446012036,553.4456451020174,5.261508818162307,2
450.2224268175047,930.060849424163,7.86446573281885,3
233.38159345145152,344.2004242290369,17.239716895813288,4
230.02946849794083,329.80556837886087,0.646546845188862,0
209.18476124839677,329.80556837886087,5.656678230553993,1
239.02819893366947,372.39496311215544,1.1508245485992847,2
437.8104112210459,744.5801451225967,4.146230237159348,3
235.1703997777399,306.22659009742546,21.269982814362287,4
230.03927869160876,329.2790973217455,0.6537217584624674,0
212.63531289515095,329.2790973217455,4.015582940740092,1
264.18309347684186,488.94222096599054,3.4381506858599318,2
489.460735117159,774.0210835186198,4.4540838446442335,3
231.94298528535185,328.3226946018933,12.908556780131427,4
230.00591284121077,328.82518344219784,0.6528571183228635,0
213.97530734285962,328.82518344219784,3.4102286953526115,1
244.72629165439605,478.05561761423405,4.009007988858325,2
433.79664143457063,713.3421613538516,3.7252144257219206,3
233.72475196525698,343.56053712579387,18.067192665512728,4
229.9901173495732,329.3830637658305,0.6556142654724529,0
226.03338127644716,329.3830637658305,1.025621329166584,1
239.46312510354096,418.2212758928401,2.243932352042275,2
478.52756921759357,909.3849798474415,6.742171687031538,3
231.5554564582495,331.39244611877064,11.705608913611488,4
229.99528431115817,329.78011096930027,0.6447915497967212,0
205.11506707405184,329.17027421738084,5.840205764675197,1
239.24011927421205,441.9904540648179,2.981141094526075,2
455.5705129011635,827.4656969487655,6.1284407639721445,3
232.45264051225968,355.2964375198222,14.671533497604944,4
230.0055324454383,329.7792177786251,0.6595314939081003,0
212.33034648347424,329.7792177786251,3.4432456387920753,1
235.4222964889896,388.04245156972013,1.3758314404128469,2
481.82456368453916,783.3764268924059,4.232470261693417,3
231.57418486177968,326.4914955242107,11.71782481508225,4
230.02025181958663,329.86601875040446,0.6486299759277547,0
210.93999795516575,329.86601875040446,4.2281426062542735,1
244.53328853433717,487.6998619809575,3.29584954052923,2
541.614044280249,914.3215905098392,4.763811902435947,3
233.80361362258023,307.7621046493091,18.223588869610904,4
230.0189850289985,329.28341597235476,0.6451570855361609,0
224.9743291133999,329.28341597235476,1.7778145641968244,1
237.27023300042433,371.6608711361756,1.1687261707324068,2
518.3090049289375,986.0447339540542,6.947904429328182,3
232.85138653084095,316.54639272221243,15.754948462116,4
229.9989552096792,329.5092233221361,0.6597589256158944,0
221.33253412467982,329.5092233221361,1.5201700303057981,1
255.88623219870684,465.4048983089382,3.220820241396554,2
469.6584368767889,925.4892851397772,6.345751128458622,3
231.7192337161965,336.9592624291017,12.271570364837228,4
230.00393676751375,330.02536502371976,0.6499721929825995,0
206.5421029579912,330.02536502371976,5.082113115414914,1
275.91230369725616,533.5574391492341,4.51173096067589,2
537.1918194940192,897.1262778376542,5.7055079231832035,3
232.70851699723076,330.2556224047207,15.39454910088723,4
230.01010851148723,329.2810285585944,0.650006083877038,0
207.15589069662903,329.2810285585944,5.342881404562295,1
242.88220889207193,420.00261580674805,1.986528256007694,2
433.5618050223776,679.0028942594596,4.486963661952109,3
232.46201615247418,314.9827018593298,14.654965923522893,4
230.00000298780301,329.90822426375604,0.6463930970426548,0
216.35637273970954,329.90822426375604,2.5916419858043818,1
261.81881328889375,507.5844493040709,4.022558582268147,2
509.2288303900392,859.4497954766091,4.879113924264599,3
233.10756949293003,312.55722085398514,16.506908355005677,4
229.99505511653499,329.88964972898515,0.6411589405455119,0
213.78371569097587,329.88964972898515,5.971650587992281,1
279.809607428689,579.14600478954,4.38894170942077,2
468.8131243677277,802.4434062023802,5.800363574773951,3
236.4121731626124,317.53340146153863,23.79583043337638,4
229.98611158887596,329.42479503145006,0.6535085044473237,0
198.1349114248751,329.42479503145006,6.87517673915512,1
255.88723003279765,591.3386472670242,5.809585464973142,2
583.1685988763825,936.488735885036,5.957299080880279,3
235.1145758433465,311.82148467207423,21.246161730638132,4
229.98853416761082,329.0889505652697,0.6503625102103434,0
222.91895818921998,329.0889505652697,2.3689811540164123,1
244.29919920137365,470.10081465466294,3.435150454028888,2
470.3183993873332,797.3518771188593,5.679283894299994,3
234.67584207567705,302.44402843450496,20.302871837053978,4
230.01739984727544,329.7277167500403,0.6493161797767194,0
221.80117292569454,329.7277167500403,2.62639582020116,1
261.9251525654756,531.721776338453,4.261879640401961,2
473.49923033253395,843.6718117591439,5.009546736025065,3
231.8985068561989,327.32795893081,12.83197439868722,4
229.96450170517144,329.53071709450796,0.6490709029025271,0
217.639429707754,328.9251065451743,2.357404092397617,1
241.13206657054104,450.98285352181716,2.655046486458026,2
368.3253054471526,676.0156377776015,5.000624953782043,3
232.71344694093915,327.93995187696055,15.522115798609896,4
230.02635172300012,330.6148845901767,0.6474377290346957,0
217.51636580835083,330.6148845901767,4.561113627368158,1
268.8208633827812,585.3027892937839,5.044957943588772,2
407.9416567265099,718.1746242050399,5.280754070618309,3
232.9262984617692,317.1097656653445,15.942387139822948,4
230.02936167054935,329.6697429050733,0.6382519872253093,0
214.49873252739053,329.6697429050733,7.183556405048754,1
264.68997010579733,542.1690740642041,3.3556328898188035,2
547.2017886995471,875.3537101856981,4.545395768293947,3
231.40837114471148,334.95290916346903,10.985001774997212,4
230.00201003859323,328.9999569221496,0.6514950216694457,0
223.82952975863964,328.9999569221496,1.4698544870100823,1
253.16216398639725,554.262767711309,5.690259878232998,2
395.71459367797667,767.6883125292907,5.2251109563618785,3
234.7572403868021,309.9121444759151,20.450221463473714,4
230.02268563846482,330.8227461922557,0.6572536620388924,0
225.22044489882825,330.1233047456555,1.542449312620486,1
255.70818950721315,516.6374309935396,4.5119848758862995,2
442.50686315694537,750.4112559093375,5.090960481457116,3
231.96447712248954,321.7403801390317,13.037897840143255,4
229.98963444611402,329.1433884215944,0.6548678331103098,0
216.2370979175688,329.1433884215944,2.2871372468105133,1
265.49596740725883,480.0820216727722,3.3592064285769525,2
425.59554844362566,729.3397896207997,4.165612518952474,3
231.62753178604763,332.15155278779383,11.973909225667127,4
229.98621246068734,329.5351512524036,0.6510759290992834,0
213.5180895584022,329.460903594876,2.1970110688624174,1
274.916482865034,566.5294725074584,4.2231810432994354,2
433.24054397025225,818.6472646708685,5.9072540868703305,3
234.98382392243016,306.8333571159657,20.970589120390883,4
230.0149557373696,329.4367275674268,0.6527322963957318,0
208.87836893706924,329.4367275674268,4.148277564546678,1
251.86958372215528,432.4254115090966,2.251261754395359,2
474.34756101614516,968.9332660615447,8.164252176526682,3
232.7906364010833,337.3222164118404,15.596171889098503,4
230.01946924783107,329.61200535191614,0.6468324964910663,0
208.89681475111828,329.61200535191614,3.102930840117477,1
256.15085695968986,469.55996018804007,2.9521376414700007,2
397.9864671287828,714.4766121650591,4.9926034128198795,3
231.12399394356746,327.15160510020274,9.833135254749651,4
229.9849600320294,330.0443721148432,0.6450658174960561,0
205.95526478934875,330.0443721148432,4.2342352872751405,1
242.49459296348454,429.76865201494553,1.9913633570765765,2
370.71183092746094,700.8362165417774,5.221363422863531,3
233.0292626401195,332.18291474095616,16.337649082863294,4
229.9977179587396,329.73471028059987,0.6443955458013743,0
222.44931188898855,329.73471028059987,3.4255704464017387,1
244.58784520405754,471.78706152320507,3.906365108219201,2
532.9623708230658,856.666500484791,4.558238327658551,3
231.63612979086412,311.0789106382426,11.975004790680629,4
230.01409769647407,329.6570419443364,0.6464354506262858,0
202.32955908196175,329.6570419443364,4.174302860528063,1
265.0889753449737,567.1019562145276,5.095081888529893,2
458.79334877966625,826.1793247090499,5.208030501278601,3
233.24724697481503,313.2759965658596,16.83840294180751,4
230.01934658779498,329.1361530451988,0.6444184819755262,0
213.35587350397205,329.1361530451988,6.8560835061100995,1
239.3949196025579,394.638352298736,1.2617676676723149,2
473.2740392987945,832.0159495214189,4.695511324522379,3
231.39127244945948,323.5338731681897,10.957367404961776,4
229.99755462678715,329.09724302690444,0.6472371605344053,0
196.3073358585809,328.5736020202991,6.590951898512137,1
240.56316012271645,383.68423425311397,1.3166439734357251,2
415.9262715711563,715.0801564506935,4.030865918740805,3
232.23702306965143,323.5454024048284,14.004061099368833,4
230.01960905908138,329.34867164784237,0.6623919199868614,0
207.59580246225482,329.21734627110027,7.966036279796136,1
262.84669166120807,536.5283927060705,4.537015043729818,2
420.0588153765226,683.7046982405145,4.5622017687283005,3
233.32121505971358,314.4140368580545,17.017155051699632,4
230.0220502587735,329.6149873111917,0.6502829446521805,0
217.93363723707884,329.6149873111917,3.043691819063414,1
248.33641255015647,513.9699370180346,4.214171701007655,2
494.447747908177,880.6009894613828,4.809138529980652,3
232.9944527627213,303.28894505502825,16.141524796390335,4
229.99387490898334,329.01623855870406,0.6531301766070585,0
219.9565187460727,329.01623855870406,1.8196411078961454,1
265.2363908795928,498.4484008911815,3.7926358305253114,2
465.6809491409713,932.6602679796174,6.1666932090947535,3
232.05881415494918,317.80643975338927,13.446382077309648,4
230.01683354292982,330.3166991240138,0.6460697428485812,0
220.91946613393503,330.3166991240138,2.2471542960255126,1
234.58741999694502,381.1655996156135,1.4769251776313603,2
428.9217903842891,699.3097849697381,4.261736360386722,3
234.69745419759104,324.70844253476054,20.286849860946447,4
230.00884246791585,329.54383933666344,0.6484265880089483,0
208.8288304400768,329.54383933666344,5.390758939882715,1
250.0210501570298,526.1757149467898,4.481183226322942,2
571.5737924090065,931.1843406456392,5.366244483017757,3
234.11408214209413,293.04134615527477,18.989075206260292,4
230.00590083232066,329.68270123962975,0.6378608567917413,0
221.3157243968952,328.64426091608,1.9200013597291554,1
252.91905306730388,476.7992302933984,3.1707840459193206,2
543.1683950261767,897.2562819376132,5.031242080527982,3
234.32822585388203,287.43287946357304,19.488423343418912,4
230.0154967999618,329.2199928133663,0.6536540242201497,0
209.5967223001838,329.2199928133663,3.171132499296064,1
237.24624731406158,362.6685250320232,1.079059272730015,2
526.4365895870902,850.3672151073852,5.5947415016745365,3
230.73159695417226,328.0823115223069,7.924156756785715,4
230.00283743553751,329.07308060077804,0.642824044389127,0
207.89178924688287,329.07308060077804,7.152533919812963,1
269.826246570021,512.5522212057646,3.507239794873332,2
533.1851473448316,947.35341566659,5.1926815049962345,3
233.37427973044714,305.63793074450706,17.19707761270277,4
230.00726313614877,329.58059204779386,0.6456889100739179,0
215.9661886829306,329.58059204779386,4.660196105218838,1
268.17822813554324,517.972184028616,4.18312760682599,2
541.485732011701,930.4222787368502,6.132094075069042,3
232.04469755749219,348.87928564158864,13.355585830127218,4
230.01633121889378,330.1212358964334,0.6441730073412136,0
195.67119829779247,330.1212358964334,7.8860222802921704,1
281.82337144207037,557.0110417626412,4.215515307379954,2
425.73798072237435,717.2355780236679,4.539019205817651,3
233.53074849309075,305.76403939585816,17.55967462117113,4
230.01519021703405,329.5049928740811,0.6408058892479471,0
225.33948031987393,329.5049928740811,1.3795487394381694,1
251.17600482365097,431.0959883605642,2.5864593413573167,2
535.4578746209773,951.3423061549666,6.196357567699612,3
233.76464906711445,297.5425292201006,18.14110970592487,4
230.01691805329648,329.37214975234554,0.6578054676309824,0
220.26989896155314,329.37214975234554,2.8949771369379453,1
283.7547687686116,580.0150121006086,4.957207034625339,2
380.5247064462054,724.2627169870344,5.92392799169146,3
233.7159660706813,323.0790429304968,18.018484173243497,4
230.02335127524213,329.7390321715412,0.6433472882338684,0
213.0754390413272,329.7390321715412,7.00521170886082,1
243.20512954500788,423.99997129048666,2.1760868451192152,2
506.6671453199736,972.3046660041535,5.558489188097481,3
231.07016334412606,331.3645040916852,9.573020437324567,4
230.0080129243886,330.4796619452856,0.6588574445831669,0
217.0877658805782,329.4474000167274,2.8793134881488913,1
251.45744277292695,526.4090805686515,4.671218952480178,2
578.1170923556938,961.14287503993,5.869098903018818,3
234.89293481341196,304.4559412064442,20.729797075715584,4
230.00360470545183,328.7107685496648,0.6433886655592838,0
214.5435809814158,328.7107685496648,6.970325366138893,1
268.9742191306996,545.4532635526236,4.908571962927057,2
540.0588613469039,944.3627748479763,6.268436707710186,3
233.62330884019286,296.3049012045799,17.822904122670955,4
230.0078343912776,329.6803809898628,0.6492125631541499,0
213.52128694272272,329.6803809898628,4.774921621225255,1
252.2772441947804,525.6022984865475,4.430743474291602,2
411.0768099125128,829.0965809856467,5.602326899655899,3
234.74195918028204,330.8848379943887,20.40403430733392,4
230.0161801192306,329.72608038041403,0.6437579386113472,0
211.41927905347774,329.72608038041403,6.473777469596523,1
242.94911423268263,480.7230589357454,3.45596394709582,2
428.3616464114728,766.9200038523189,5.880886442226915,3
230.9403797161494,334.2688341910326,8.996597646698158,4
229.99790289568153,329.50560771161486,0.6548889386789382,0
219.0607946433815,329.50560771161486,2.6419057085205684,1
279.1745057874932,530.4463370574035,4.279536766092101,2
402.91936200699104,753.0955582838113,4.862800012971778,3
233.04049294449828,320.1823739611361,16.332970129798905,4
230.00267026086814,330.2804780383549,0.6475076331504381,0
204.7677710391273,328.6761777032349,6.16418254333809,1
236.8138496773604,373.48060062079617,1.1848491252189421,2
415.8552605011042,693.9728333544446,4.997165861070763,3
230.78970401681136,331.59602999200604,8.305190728646563,4
229.9937287566284,329.66635636062995,0.6547093695729215,0
222.3421313922054,329.66635636062995,1.4270920893224293,1
239.4546148991368,404.40129741443207,1.5933550645144372,2
427.4526902021005,680.8822343009456,4.320342239921573,3
236.46432999719576,312.8673580631943,23.896544282904735,4
230.00056493041006,330.05071997662964,0.643334004439318,0
218.41776584414401,330.05071997662964,4.078207951035005,1
249.28099769539156,450.93022940010405,2.45686956384184,2
487.0308112752802,917.1468268062451,6.5320663629446525,3
234.58652756388537,316.17848210562903,20.079460779561558,4
229.98465026892006,329.85661170476567,0.6545474364988495,0
214.68413913923493,328.4733642506128,2.536574077567912,1
272.15270501527283,519.4430604527191,4.030844577482196,2
423.53494529027364,803.4275206889935,5.002848109943808,3
232.9358283824266,348.05701776290095,16.085011309101315,4
229.9849326673371,329.7451248636222,0.6447072723475502,0
221.21837235724985,329.7451248636222,1.9155684236933395,1
239.53593929769227,374.2504573348232,1.2757749232340292,2
413.75057940672866,731.7186354387588,4.332266416704619,3
233.05698452513258,351.05114194773125,16.412302493344992,4
230.03983755898335,329.0923440347407,0.6510242292716287,0
220.7697061948391,329.0923440347407,2.193787286977325,1
245.07729656184048,441.79645962902345,2.7508360325869807,2
398.62749335806586,775.1802451916441,5.471060245850885,3
234.52857974700873,292.24693433976023,19.8621768757265,4
230.01586245484617,329.00460864408313,0.6436490130320872,0
199.48682091100235,329.00460864408313,5.259217521377431,1
239.03418135642585,371.32885011399816,1.1163391562987914,2
448.8030101168387,797.3497399256167,5.9973374749839135,3
233.80693392628663,318.4834872243165,18.242268278855445,4
230.00285746246539,329.1602461628541,0.6426791254755864,0
223.32640906034337,329.1602461628541,1.4746080199376959,1
242.35479502391544,475.5355582393456,2.760080895276574,2
468.7819747635858,964.1242324876642,8.10639094599313,3
231.5438296788684,316.6292901229323,11.613072199681717,4
230.0137643842263,329.96412499141195,0.6524025901389829,0
217.8479116257643,329.72690768721094,2.34293052582232,1
260.2196888460183,546.6708632048994,3.900798265173649,2
402.5925247049232,793.6913120317904,5.717935028069654,3
232.92244770411446,350.9136397977002,15.967140335976499,4
230.0163128621584,329.8361575280284,0.6506995844439442,0
219.53968980464893,329.8361575280284,5.038362252059443,1
251.66970435641488,506.95895191926377,4.529506419830643,2
499.6609450933172,824.6262315502854,5.077376197420371,3
232.5685227423905,357.41269707968246,14.952581645174412,4
229.98507205113268,329.1987958115496,0.6431890102634241,0
224.09409703787955,329.1987958115496,2.041311377532448,1
281.7690748282605,558.805879619691,4.593501317911409,2
582.1814215575688,949.0297311558498,5.032307137726084,3
232.26179022247806,303.58988976444414,14.120564779483061,4
229.99722612175682,330.2988095892801,0.6487796737223391,0
225.44830663496305,330.2988095892801,1.2106963183276622,1
243.71145017094904,427.901790170868,2.2260789525949245,2
384.72176398292106,721.3202825140457,5.650381061419724,3
233.3507346592628,348.0364757470443,17.151452394630294,4
229.9939670330983,328.9185129393117,0.6545731030855647,0
214.4157585381039,328.9185129393117,5.885172359537057,1
290.0303546600222,579.3625823510251,4.500839097493517,2
495.70675563763376,833.3547828237525,5.694987693930117,3
233.92855596203466,292.5721522095239,18.588091807058365,4
229.96738406989192,328.6437175248181,0.6475411940933931,0
206.17584587147465,328.6437175248181,6.072962152316416,1
249.99013863084488,462.861199928046,3.248176038909884,2
516.6662958896303,835.4060473448619,5.033680948497836,3
231.7816847766378,338.61196404534957,12.603019585564567,4
230.00692351708653,329.8691865274961,0.646025747769925,0
208.92081006872107,329.8691865274961,4.7610175829995995,1
238.27076074559545,371.3783607859219,1.1054055407603194,2
391.02772912146486,689.8135737984351,4.4806702601462245,3
233.50091753417513,306.05971489441697,17.508692118503813,4
230.00230325987624,329.60622305995173,0.6465937532431983,0
217.27482478372053,329.60622305995173,6.669528975559443,1
255.0921413469972,488.5781391137711,2.5955441338962513,2
505.20146469329205,792.8828431140963,4.764742623719449,3
232.80603793838458,329.5734362622749,15.675298688150658,4
230.00471125203887,331.16258550316286,0.647472355836007,0
216.04712583309305,331.16258550316286,2.3113717181785356,1
254.63609837616156,509.59092409342367,3.6927093157090045,2
406.9463139593927,684.5892050169331,4.3780285791895315,3
233.8982001358987,304.93110796885446,18.489362999826806,4
229.97541612312125,329.37433720180877,0.6528308641627428,0
203.75915686558616,329.37433720180877,6.781788142189754,1
251.70081396576361,508.54260297974434,3.7675094546530183,2
510.6515940450293,855.6314571781877,5.2516503239128305,3
233.93409301925078,302.587514279352,18.646012183184283,4
230.00863322908518,329.2332929074391,0.648632528799515,0
224.686309800843,329.2332929074391,1.8890712581607434,1
238.64296469910988,395.84680886520204,1.7184305542898262,2
450.82713473317625,753.6070953940927,4.554775062954315,3
231.53603816143513,323.11654698711084,11.56201570159491,4
229.99096098382142,328.81821966712704,0.6415904246848456,0
194.39006113251978,328.81821966712704,6.281787766444789,1
245.4755426260418,412.98329558360393,1.6696859229907979,2
460.04731285874743,869.6013687107368,5.121159605701655,3
235.35394545664707,322.6027987580147,21.73093366047644,4
230.00530261455162,328.9108317860117,0.6490814231470344,0
206.47716344308265,328.9108317860117,4.877606160339157,1
258.46095993532623,545.2191491989897,4.028510268087259,2
490.47465681157036,782.9864093022316,4.124573919860711,3
232.8423884516334,317.1716027674428,15.768665271987167,4
229.98242783114418,329.64743312422115,0.6443965212506818,0
212.96818598091065,329.64743312422115,2.7117061911329423,1
263.25843353721484,541.0048121908118,4.128920548823569,2
471.4411084052336,835.3626662770931,5.510041258562884,3
234.49099018412653,289.66721957249615,19.908637815534032,4
230.0168374071905,330.0066513842338,0.6505419851705366,0
207.5844033551394,330.0066513842338,7.452872340012028,1
240.3001378315791,444.0546659616096,2.6843691811266397,2
496.41237995653665,920.0636333113694,5.6987492786199825,3
231.852470012517,324.0547244376517,12.675783245192271,4
229.98604661862834,329.15848756683727,0.6526529464897499,0
219.0291719950876,329.15848756683727,1.6683170171030235,1
276.7275161320204,564.704259954178,4.606824123979012,2
414.81702112921454,660.266787131775,4.504346478830104,3
232.6913698058897,344.41994002057896,15.397389917760195,4
229.98123627500902,330.43748068434854,0.6506131178417816,0
213.07517625227445,330.43748068434854,4.101639798738717,1
244.90599066412423,468.8659065271509,2.727828366757503,2
575.2267449669796,980.1442744168069,6.275136440868959,3
232.66034570748218,304.254410921213,15.32238443688383,4
229.99721308543943,328.62209907689055,0.6508489248704081,0
221.19079374198614,328.62209907689055,1.082602585284274,1
241.31876091979797,423.7732252901249,1.9357188111158634,2
443.46005619440666,729.7246257167242,4.572417595441173,3
233.83431093917457,328.5656484565132,18.35445516044553,4
230.0040608645549,328.77527527978646,0.6391023733267494,0
223.89866798027097,328.77527527978646,1.7723799026333424,1
241.3000136699684,417.8760361366317,2.003407488307584,2
433.37420656200027,749.3154853590055,5.090074013331489,3
232.03313723846156,325.18427068101744,13.327878212833477,4
230.01077494260073,329.2999291737903,0.650272114083515,0
216.79146586367585,329.2999291737903,3.3621971136310664,1
238.35250723000692,429.42962279727095,2.2650576837047263,2
381.61764004895133,741.241014164588,5.639192065933005,3
233.24426136841353,293.99350594688076,16.839560033308544,4
230.03295873423227,329.106668609609,0.6487303096559938,0
210.05644974623374,329.08623661279347,4.594652589836875,1
260.4458586686059,468.069764940417,3.2051911187065274,2
519.8638148230764,942.6319692571711,5.5632657530872835,3
232.43908942505115,337.8809581404463,14.516291275493437,4
229.9753168167534,329.56368308407895,0.6504667111506768,0
212.89107387763687,329.56368308407895,3.7644238842365403,1
237.16448425914038,363.8898549108481,0.8867576377676705,2
510.19143509252183,813.4856534270639,4.295185054545782,3
231.82619317849498,311.349043712402,12.729524477756648,4
229.99000652549552,329.875323066782,0.6468484293190075,0
221.48654335662627,329.875323066782,2.748666269801918,1
256.51593772687335,503.9491533925646,4.209921307558999,2
406.5885181532877,735.6831313240662,5.764627062703816,3
232.10477181430878,352.55945062322667,13.607804820123647,4
230.0070135603246,329.3377288041211,0.65248390928033,0
217.49333775124964,329.3377288041211,5.204269380041085,1
250.04388730279584,470.04437564780363,3.2772777903728088,2
455.21171514232407,736.0416663387412,3.9745306933674422,3
232.50390399055712,356.4482746999015,14.789451744138377,4
230.01610196921212,330.3363833442203,0.6475800703040953,0
224.8225930098377,330.3363833442203,1.1922760714853815,1
251.28928760554888,446.57790910938684,2.411025794888803,2
498.88397673720584,953.864223730059,7.201364747758214,3
231.11650217966533,330.19159813231784,9.814915773803165,4
230.0076011784438,329.1605908174033,0.6494808721428373,0
202.53085887572857,329.1605908174033,7.720175101757107,1
244.10477564909957,405.96469904421224,1.8581276965203404,2
506.45119049831163,871.6637038143533,4.760976473847482,3
231.43802281898567,317.81956524604584,11.189025816683797,4
229.98924736545888,329.25420402112275,0.6480798172877223,0
224.78225328431552,329.25420402112275,2.09895065933832,1
290.2182122914263,588.2722959058416,4.143619127360658,2
592.5271290344429,964.834797243527,4.82975416396573,3
233.02222757536632,340.2842266528912,16.307057375823053,4
230.01136758943946,328.8458355750774,0.6534613297513177,0
224.2348779904699,328.8117869743372,1.10356090168363,1
248.42453181234754,473.96528501995186,3.265240696228681,2
420.0056988936492,677.8558401384598,4.1727692209266145,3
235.49580955371596,310.32081638436927,21.97766429363038,4
230.00502874267258,329.2135632210912,0.6463569288258727,0
224.57499208613544,328.9850789729213,1.7502795139843879,1
258.42189637904386,572.9967347444216,6.184056532035228,2
581.4120360188897,964.2367000838286,4.625872048568851,3
234.51809345104778,334.4455499444976,19.91774091332303,4
230.00625864077517,329.0986792785128,0.6476255817964067,0
211.76223724910992,329.0986792785128,5.4060651349827005,1
249.00532065556374,513.1807515770139,3.8841591489009626,2
495.2056666038874,858.9452179688834,6.089418281468307,3
234.25531723019867,308.01323522367943,19.321524745211054,4
230.0148015825781,330.63696356136137,0.6521664014190498,0
226.1807969296948,330.63696356136137,1.4197667353310626,1
247.31541941984943,450.5785222831518,2.683197293592531,2
397.65881929702755,776.3043606037901,5.821968648797879,3
232.88210599970822,340.7644483858985,15.85259665867354,4
230.02113685992802,330.5283638701824,0.6542954253918694,0
206.25669695773377,330.5283638701824,3.429027952237402,1
264.22574439924927,544.6676300840534,4.47356795013663,2
388.30042936802914,673.4789341564943,3.798980865991189,3
233.0894980996504,323.08655834526945,16.40148325716829,4
230.00984707592823,328.856660806767,0.6494835242991907,0
210.77387467954907,328.856660806767,4.855580422924052,1
238.27224993274157,381.78175689514853,1.1721223720082838,2
394.65426745665354,685.2182501418232,4.213944567857552,3
231.25448725933217,335.2686591298392,10.437634634337192,4
229.98457199401687,329.2811590194996,0.6486618605570768,0
222.19327979081064,329.2811590194996,3.377356917364719,1
245.57236866423082,491.60386358049027,3.8505071548867016,2
399.1082904645559,741.2056883767242,5.776309655863439,3
233.9172764234935,310.23864727920335,18.583774925014414,4
229.98214157894645,328.4948065004395,0.6532734004329785,0
197.93602592405853,328.4510496687833,6.459215731171611,1
245.72625753000693,437.66880827103546,2.450192285298269,2
484.0476902891394,854.7013823972842,6.13717508679766,3
230.71441464986398,326.75819966210736,8.013224565572369,4
230.0099471473457,329.8976351167002,0.6475273832178418,0
223.6067302258269,329.8976351167002,1.334306482090166,1
247.58762587227775,512.4460523283989,3.722185627916436,2
435.46759664813317,879.7675981478774,6.7956509423238405,3
233.41293782930276,331.660895501482,17.277739647759518,4
230.0091060606517,329.5199926513481,0.646721792673207,0
226.65683533329462,329.5199926513481,1.2443921212785525,1
279.91731951582585,536.1286405522358,3.848878030076832,2
412.0662595091367,672.0522804777322,3.9173682059439994,3
232.9329764645058,320.9813029572505,16.00888923550542,4
229.99656783116208,329.9982542638559,0.6478088717897768,0
222.96842079509383,328.78367039284046,1.6963045811508222,1
263.4365299769937,521.999392180871,4.115599960306534,2
527.0732139567514,957.4524849208834,6.594090676695987,3
232.53183429248182,329.63621969554174,14.903200830907007,4
229.98976944496437,330.09017506566,0.6519603742200074,0
209.59898742181613,330.09017506566,7.813544349983966,1
251.29210525670297,489.221581873241,2.6956756659261796,2
438.733469557497,791.8147557705886,5.562379621842791,3
231.9124974591552,345.6219767652124,12.974295996949786,4
230.01218576510593,329.1864024880099,0.6482593102483748,0
222.443289479504,329.1864024880099,2.1618202777041007,1
272.62951469594594,577.3777524158226,5.542892451463807,2
537.9661359013264,858.3438585351033,5.0721149193833215,3
234.26199821602683,304.3285020833119,19.323023742293334,4
230.00636198169715,329.613231186933,0.6494808110105422,0
204.58834135673112,329.613231186933,5.260177382459494,1
253.06821457429967,547.3892944137684,4.3536715382313185,2
489.361111478626,800.0715365171533,4.6833181439385045,3
232.90072848866592,308.50476092078765,15.927750589412112,4
230.00960534352407,331.19097848276516,0.6520916866537138,0
200.87392110526153,331.19097848276516,6.921239327023117,1
293.33823092217216,582.3304737717239,4.754141117648903,2
457.5880994978118,725.0184132391562,3.7273440182172575,3
232.00058526754182,315.4468420568207,13.202402618943065,4
229.99067789632105,329.96837810095315,0.6527307770169832,0
209.57947821155958,329.96837810095315,4.766042452208075,1
279.9401818848662,535.5287037769871,4.197419371819226,2
402.75500667417566,746.081126132065,5.560025607346314,3
231.07884210136555,323.8381115843447,9.761189270124907,4
230.00764277856445,329.97257791412756,0.644023297630282,0
218.5870150143757,329.97257791412756,2.5757616625016353,1
256.62742930398076,451.36421802851845,2.8509503424579306,2
387.6558516922332,707.4465412681517,4.203067528874761,3
235.08925251267237,292.8275535228043,21.146608585395704,4
230.02303176405547,328.7028990264101,0.6472580555071248,0
206.2568989957996,328.50043109320455,5.509707214535579,1
259.9024627587999,488.24467650148284,3.137394645227381,2
459.50254543260144,899.4162494726154,6.283949372632446,3
232.84982152842878,299.63316884781983,15.739214460663584,4
229.99568543363,328.801149745902,0.6493395281144515,0
217.13102812356271,328.801149745902,5.719290108668675,1
263.6509873552074,534.032244130892,3.1803795548321063,2
356.78899252245407,667.5330773358461,4.785101019169145,3
234.6611739883405,320.48201795903344,20.25478343150849,4
229.9912215706918,329.4024392056587,0.6542310498816999,0
206.25116244985645,329.4024392056587,5.116067537745634,1
248.54654722695486,521.8131614974325,3.3999182906439036,2
473.09483148492546,752.0106454482113,4.995224610962315,3
234.45892197639324,291.50330498812957,19.817391306607206,4
230.01948389736202,329.0634217941907,0.6521395581941877,0
201.14348336072297,329.0634217941907,6.087036730557228,1
280.66298695861803,554.6783120858872,4.4681808400652745,2
560.4494993461784,932.5461279097149,5.688573397415293,3
233.04936060738478,324.062806376222,16.297760871947396,4
230.0147963526921,329.8271661668996,0.6593530557728163,0
206.62311857206817,329.8271661668996,6.983558468098481,1
251.90559297345663,551.6774413237094,4.400815537561346,2
389.97241487756935,729.4587964086194,5.378940011555735,3
232.35498391440274,335.5440177187202,14.316435444660023,4
230.01011128134397,329.2244987302358,0.6456166426880642,0
217.02173243473285,329.2244987302358,5.804562286662181,1
239.12952787948925,380.92179484091446,1.370501611859589,2
538.9298370949015,867.4529678581036,5.759046445253137,3
232.35924554373483,350.4639190829466,14.343366042565703,4
229.9829693118942,329.4360195803787,0.6555684775944798,0
210.0405341008171,329.4360195803787,4.534071296736762,1
237.40009449083655,376.2159423199996,1.1086630300502618,2
427.2975588339659,719.5528587340395,4.303917119217956,3
232.6700811428232,340.64034192178127,15.345498493410023,4
230.00673764866232,329.31918328548,0.6500948185172718,0
196.459122542138,329.31918328548,8.726531756628757,1
245.50193889043874,404.77134056778084,1.7799353273605574,2
420.7021623400843,683.4535257839722,3.973374666515223,3
234.2240722812819,334.174836328852,19.248750101803093,4
230.01103464538417,331.0746158933415,0.6540960558666163,0
219.33180226541307,331.0746158933415,2.854535789372712,1
240.37284605812192,430.71383671467555,2.2385151497993037,2
582.3725699299289,959.7775180724612,5.294885716723964,3
232.54074126005162,311.12655812147585,14.8866025023756,4
230.0056331724531,329.9360099315519,0.6473848176592635,0
211.96333641431974,329.9360099315519,6.13400870220904,1
241.0625017288166,380.81980169899145,1.434040159225426,2
432.31471422914524,837.9812612598159,6.612397910965144,3
232.56898106532714,303.61836966960277,14.98549350421807,4
229.98125384088755,329.00588128338654,0.6523378511903671,0
213.4218135112748,329.00588128338654,7.692776681441576,1
251.15817054689992,496.2860112783008,3.6694192916597124,2
529.0343158877015,843.5709619581392,4.631756615817113,3
232.5360468851398,340.85664157165894,14.961391988083738,4
229.9894740500732,329.85521870457677,0.6376341304704034,0
216.3405882756679,329.85521870457677,1.6906753760354802,1
294.65508900705237,587.0747083096968,5.100100625598114,2
526.2093230201741,853.3812325022731,4.477684788407274,3
235.12378545509213,304.5784292114644,21.25773008862274,4
230.00498293242106,330.4050952180589,0.6438774716648317,0
213.84472350234623,329.4257639651368,2.840413266565297,1
241.9347972076375,393.4488525177964,1.6275667209819238,2
511.2400884341565,837.8442316164964,5.464047404600437,3
233.98238389806474,308.6730587448042,18.688849112272337,4
229.9967584504551,330.0947259020112,0.6554988247809704,0
224.72957641529555,330.0947259020112,1.7948921454619238,1
266.9582358931173,586.601701836598,5.300742849231352,2
425.47668148849976,739.407038770572,5.169836845884732,3
235.28733176573388,327.57028681255457,21.58234269804996,4
229.9972044568293,329.5421410642985,0.6466251354212517,0
211.45148348456067,329.5421410642985,3.774863137840744,1
257.5888927093952,462.01305619493047,3.382325851726658,2
552.02582625259,919.6682145107833,4.634138417439984,3
233.29365772409182,351.19652886042405,17.0040042270274,4
229.97804157632333,329.45445954305603,0.6455103288540565,0
220.81079577306892,329.45445954305603,1.8562226138589009,1
260.6390078690947,512.2112524716287,4.436213955580311,2
419.0176601991098,738.9232536338214,5.571306283126211,3
234.838665462167,296.58102641881254,20.67861044309838,4
229.9815766727715,331.3060867491081,0.6485004024096533,0
222.5031813591157,329.9022922522866,1.2055718020173098,1
243.24641001034468,475.14641751307727,3.912543376440035,2
568.8164733472233,932.4293225360575,5.202590755764171,3
234.66687899548435,307.67886624003586,20.298737112889572,4
230.01138081073722,329.8466138583682,0.6448977805901932,0
216.49307155834697,329.8466138583682,4.641133990047594,1
250.4986868783227,541.0078326588922,5.385020345031871,2
368.4768257043863,723.2334918428779,4.681240696749974,3
232.32525398548174,323.113426493827,14.234914517471509,4
230.00725265094442,328.9581950934662,0.6356352544961851,0
218.49560083714323,328.9581950934662,6.131577317112833,1
293.1613086710596,586.5492497824812,5.068302357944917,2
523.8424675741087,930.8341612952141,6.2900453179330045,3
233.59629920664273,306.21221619927,17.74634922896599,4
230.00422745673674,329.6642711251646,0.6426847528835602,0
219.63383532341376,329.6642711251646,3.870296160884072,1
234.63355925055683,382.1096599459467,1.3727877996447746,2
464.1921776559759,779.0723618406157,4.286055129982,3
231.03701312841005,319.8901808068175,9.50916526347578,4
229.98021233708715,329.77747379491205,0.6482501440227735,0
208.7175894291357,329.77747379491205,7.46909286842196,1
259.7243302654913,495.6169174498786,3.8846381179598266,2
414.1545662823608,797.3838501433494,5.78776990390996,3
231.11779252971533,329.1255681597688,9.979862110329654,4
230.01660748777778,330.16439434481794,0.6456857323776588,0
219.55391156053352,330.16439434481794,4.97174647447443,1
234.20972676629123,380.2640525463552,1.2390023547670022,2
457.87335614461955,854.4294880521113,5.208766111710034,3
233.3720257646253,351.93038990114974,17.155517407952438,4
229.9987709509674,330.08283132718714,0.6465195987943108,0
204.09780460691607,330.08283132718714,3.784209453098704,1
243.86434782359834,410.306752695062,1.9884003028834574,2
447.49983893902,808.886708116702,6.218583013529612,3
234.3673827198919,322.73076299251744,19.59396035156694,4
230.01821039318838,329.612722097023,0.6496582387506497,0
225.49685271491907,329.612722097023,0.9952643721851827,1
273.09886779564636,545.7377104043725,5.117871689187367,2
541.7797552652245,855.4668614117231,4.400045368131981,3
232.75090960573064,313.75244293380683,15.474201048794441,4
230.01659572759493,329.0562854387383,0.6488568690895307,0
224.57798336338783,329.0562854387383,1.438407795692064,1
254.56203761849153,576.4566887615389,5.965958866056198,2
419.5053197538811,665.4917555088082,4.449173063598057,3
233.4297973417043,345.9989981501938,17.30359598070399,4
230.02396546624792,328.8323058231511,0.6411721789264582,0
195.1746017855021,328.81279608302026,6.385500491493821,1
242.53173279139037,400.62899489226265,1.6597992128412211,2
554.2886863151188,946.5251999074596,5.529530040491664,3
232.4868976453816,316.3966071784539,14.687144630043944,4
229.98294348228583,328.8937369099407,0.6498515898442062,0
225.0513324259517,328.8937369099407,1.1390927075918487,1
248.38151353011375,469.4804438584534,3.237903322900551,2
481.535630456827,986.3479468002068,8.17719187594355,3
234.39525199554555,289.6347079597773,19.693326971303645,4
229.97824315317953,329.58172187028333,0.6486299572643495,0
213.5553982646266,329.58172187028333,9.63367238657903,1
281.99890971284117,582.6021715070282,5.604741723186421,2
409.3770054420876,725.9815799812592,4.757112655712926,3
234.06730577710817,292.28280530076825,18.95261589731349,4
229.99989570916168,329.4922126571119,0.6392416333943312,0
198.29606043837006,328.8710644351296,6.959385277269169,1
262.7870951357275,559.7911886883328,4.0791421907258245,2
396.9049292164835,735.1805145578878,5.727577881687328,3
231.6227219946025,345.1233596945652,11.917538203477598,4
229.9875586435704,328.8785659462415,0.6490607184709576,0
215.37023507731,328.8785659462415,6.780591443870374,1
265.3900258170873,544.6536441618596,5.173914998446022,2
425.1916299224216,685.171572963876,4.344237121424714,3
233.0490957673309,349.11236791011515,16.38413130362011,4
230.01309117336513,330.23167970179026,0.6486213636946185,0
211.19464095032797,330.23167970179026,5.4342255551346135,1
241.4333940229051,418.19993964283293,2.3403144214889666,2
355.12137353068744,675.1470469088848,4.396072364552136,3
232.44943150895517,345.61594514487984,14.608057283745968,4
230.00614303599576,329.2841564017841,0.6381042039340179,0
202.77267838947478,328.54671132009327,4.542285598911466,1
290.01322326191354,577.3853735429763,5.154545522513487,2
520.9718318376298,983.6455729766544,6.758170056341643,3
231.33482706645125,330.0424216772694,10.783335269770326,4
230.0109952338037,329.6215816917382,0.6432656587307052,0
199.40590707068435,329.6215816917382,5.825161668479692,1
246.93284192348673,486.7936539064943,3.723912480373009,2
526.3602895458432,902.6706036519687,5.032208398241647,3
235.0341450625931,329.83125180242513,21.023232349474668,4
230.00491544316765,329.6068044811734,0.6498086895890456,0
223.4297925813591,329.52466332163374,1.2731130467681742,1
236.17300246019167,391.60731439856045,1.8692181364539182,2
415.69176950091287,680.6434390115313,4.608384972460355,3
232.11286630226397,339.675700850044,13.585514829835926,4
230.01348886224386,329.8149855757713,0.6479674706321925,0
218.72846334031615,329.8149855757713,3.6947675805126465,1
250.69589420487148,504.9719224279037,4.341921278029214,2
600.0239524235258,975.676018987584,5.614947371632987,3
234.3126689810496,331.3188331580594,19.435771785053316,4
230.00897046058586,331.2408516997837,0.6590931270766093,0
224.846841776723,331.2408516997837,1.4001794223098896,1
260.1246658247645,469.3223767139501,2.301825233109531,2
389.99568889504667,759.7890017388983,4.949758516983237,3
233.4332565212728,294.5528794337288,17.332522590350884,4
229.99882316229852,330.58235145373635,0.6472863879687363,0
223.77332417837533,330.58235145373635,2.118353388815059,1
238.60806707361863,381.50998796058167,1.1634168148459834,2
495.71028612067516,928.4534884539469,7.040925071935998,3
232.33537443610163,348.2910547896666,14.305212951622076,4
229.99882840253076,329.18647520838414,0.6425475015340733,0
214.6698450507569,329.18647520838414,6.263950304705264,1
250.6569332114426,480.7336017714954,3.7051175561699754,2
483.97115107769724,981.5265337525015,7.955033829841128,3
234.69391062082326,291.62183681285325,20.31913663249154,4
229.99792072216687,329.5073890199302,0.6436547527334109,0
200.5651133479167,329.5073890199302,5.9418428232479314,1
237.95492681041034,377.4129061226286,1.1327199526470018,2
484.02032428618827,804.8217524713755,4.699394196499417,3
233.1358501130511,309.97875089908825,16.587738772162812,4
229.9979748788394,329.37461262063096,0.6429815381055222,0
215.7326535443887,329.37461262063096,3.1373692236858526,1
241.6325559802606,437.00809041693566,2.719853561121003,2
512.4856385503008,838.7338448633649,4.822362931793401,3
231.76428337723584,313.0595848009612,12.43394737581096,4
230.00737770780287,328.88308144597903,0.6470838366535907,0
220.17373939806484,328.88308144597903,2.7539298920560906,1
259.96740208431964,576.5203099514042,5.731360460219403,2
487.3475705158193,868.612462090872,6.325181983805423,3
234.97233446607154,329.1775015090006,20.900198713160226,4
230.00344674517868,329.55566662948326,0.6497149438769348,0
212.16252540393688,329.55566662948326,2.5575723928074487,1
284.9692305769298,552.9972166898312,4.0707257674415525,2
523.2834785704822,826.5001310494316,4.450875911895656,3
232.87767227238396,312.19264882461727,15.872095021195461,4
229.99525670924035,329.37903561347224,0.6424267027074138,0
202.99422606990453,329.37903561347224,3.7094006886265642,1
238.67224968472135,430.0965351575899,2.454787275883569,2
479.0578944917951,954.6228256055188,7.0562210411663,3
234.63994995719756,325.18280116190635,20.208976636165808,4
229.9934918114672,329.98777622227266,0.6473505626214245,0
219.3841204686047,329.98777622227266,5.118859630792903,1
242.87205397905657,463.1372711788505,2.8596514097641292,2
411.29515026098426,774.6241648082355,6.151137189326068,3
231.42348769097916,332.8995166588682,11.187579314715896,4
230.00590724260147,329.6793042709883,0.6587736349515185,0
196.35424231101118,329.6793042709883,6.759019310789495,1
255.0090021584245,496.1101239837607,3.078699597938637,2
375.3133065237636,728.469962949691,5.799652156397945,3
232.36385029463892,319.3381319116838,14.371056498834347,4
230.03296534076392,329.36995125632944,0.6546110530378116,0
219.38632009237145,329.36995125632944,1.7240871484865967,1
234.04414063849705,374.97942308983176,1.2600109279109317,2
428.63025190571784,806.9155299607643,6.299925463915923,3
231.2663251374057,318.07410886485803,10.390089299324002,4
229.99782251052318,330.18552926414014,0.6430593528591183,0
224.80573202623452,328.88363168186237,1.0351559002518353,1
241.92088857472686,428.5965327431989,2.3775466019134535,2
398.0545532954597,776.4775472288088,6.5907042829403535,3
235.94899782987736,302.6560619843453,22.904780267596976,4
230.02460288034447,329.66687867878665,0.6508108381711749,0
199.64848807351711,329.66687867878665,7.007917651442884,1
265.21233080358076,485.9136677175293,2.805493101560956,2
464.49654640284984,922.1884832404297,6.9369325790325025,3
232.49110280130586,354.67571365599343,14.698227899102784,4
229.97508148941955,328.9269064423997,0.6508632686554563,0
216.25571305011317,328.9269064423997,3.448111691303226,1
272.5765049533514,537.1492957949754,4.36766902485342,2
396.3381316649338,749.5002120790724,4.718176760373546,3
232.88582049992968,353.7331263426118,15.974092188107331,4
229.991853175874,328.70940476160024,0.6519001358871983,0
212.77806387824728,328.70940476160024,5.646738461020299,1
262.41012578788127,489.3027439268188,3.335692768907845,2
480.38905358600164,869.9629728656533,5.331067616883817,3
235.21834556554208,291.1530558548436,21.450000407216624,4
229.99158092073586,329.9313163557091,0.6474581437177077,0
212.9003609240487,329.9313163557091,8.259622508869482,1
240.7749981246226,415.62247684495503,1.8998188922902708,2
504.9313995307594,876.8788535929443,4.722194203311059,3
231.92954752332287,342.61934395351636,13.025413805089475,4
229.98449711755168,329.9135236790951,0.6533027610259023,0
210.4737262689917,329.9135236790951,6.397000038020631,1
260.9625340061228,574.0837183611758,4.2576962796232305,2
372.3744598648544,695.3894526944066,4.985842441387492,3
233.5800703528747,301.4149688870187,17.764128313902734,4
230.02861762549273,329.2084421317948,0.6502012785226828,0
215.75584651195626,329.2084421317948,3.008163029450121,1
273.0520527596134,509.1002377281733,3.278077284515899,2
391.2392185829964,703.8494828682761,4.191232264339034,3
232.9412292440571,346.1346338739263,15.977357681673507,4
230.00218156024545,329.4279964320263,0.6522940849165363,0
211.35346630821837,329.4057222024599,3.547464287921416,1
254.9512022421695,447.7662468165946,2.3089344113103043,2
454.50763342945174,789.0069450193868,5.54948865296241,3
231.21297621839685,324.8243686141392,10.295273043949555,4
230.00433102117194,330.3459248918974,0.6497894841267517,0
217.30466535003106,330.3459248918974,2.4564984357341495,1
242.03117438741663,437.300587538334,2.5826081524746813,2
590.5366634433014,978.2089333367055,4.867576065668431,3
231.29196754759874,328.4966602766066,10.616341923083997,4
229.9875330353516,329.5995655453058,0.6445011325857526,0
218.3020232508677,329.5995655453058,5.351384452348312,1
244.1593627011273,417.32802302045815,1.9958415682954187,2
431.24238510515073,771.9889090986933,5.27165008724733,3
232.27775216646612,304.9658055287983,14.162475615052141,4
229.99758056089797,329.08721958805563,0.64715344501784,0
227.12787191851365,329.08721958805563,1.1342225856977106,1
237.88625229520505,381.731848710823,1.3089125023952803,2
525.7622203380814,940.1899012725563,5.097040409245916,3
235.1670199624909,305.35821122832095,21.330986836736358,4
230.00015805727804,330.0332078332629,0.6492986001240142,0
221.16866865719035,330.0332078332629,1.2564946321028856,1
267.9711435898514,578.2324418908966,4.031900801164804,2
573.8567448483578,944.356498068326,4.932167551215055,3
233.09419821026862,340.05469588186367,16.470870234606174,4
230.01352252129118,330.7646328879019,0.6431622579125756,0
213.69582600968684,330.7646328879019,8.117233855092557,1
253.13596456901797,571.9885909883862,5.6302913399777585,2
608.567746113604,965.6307720765163,4.428890585434328,3
231.65870745646438,339.16817237811375,11.999266618897163,4
229.98361047356076,329.8478214049688,0.6487265788023214,0
221.78742847477722,329.8478214049688,1.1650215502555643,1
251.01957471045878,515.7287474302891,3.65617206043093,2
416.3218820319196,763.3408637659774,5.59403736594462,3
231.47231353047042,315.49208163174154,11.415211066341477,4
229.9923254502608,331.4874553859463,0.645264546552497,0
207.0754876816852,331.4874553859463,6.518184977669731,1
256.04843460671646,465.4986511648451,2.4099020933368154,2
375.40042830468474,669.4458397985711,4.052710541705695,3
232.87067024100705,337.49513064620135,15.883715966182091,4
230.01927047322098,329.47719756444695,0.6522482628405676,0
226.31795821384543,329.47719756444695,1.4260855258605896,1
241.80354755398835,382.29600910322887,1.263999099176708,2
459.72805776565116,798.2101289832376,5.707141990161582,3
233.46782285291317,293.44262764420273,17.393539018335314,4
230.02956455960472,329.14601391216246,0.6577261361714765,0
224.33178049003726,328.898249883139,1.2222314721107472,1
259.3800695721453,530.6387818215486,4.074924626329836,2
393.8104030791613,658.6384403149367,4.619982218560065,3
232.9376126366704,316.8884522696339,15.96506155419024,4
230.01003416093755,329.48512372551494,0.6451573026929396,0
211.81498676891786,329.48512372551494,3.601678830904389,1
241.79395794473004,410.6813539970483,1.855035741532142,2
541.6869191202198,977.2780036284884,6.801699093229479,3
231.65460427737517,312.2602060090696,11.997222192617459,4
229.9906985046303,330.12581330849514,0.6456753245843612,0
213.97960010454432,330.12581330849514,2.459009788814339,1
274.73181917905134,514.6162615873266,3.4709643014943783,2
494.0368736210166,871.0042880570182,5.162438388618879,3
231.66542264167535,317.24814996390313,12.107326556881963,4
230.01207834682043,329.5635883982877,0.6466900727965086,0
212.5202266054658,329.5635883982877,4.5267080144941065,1
238.08009438344263,395.530496407795,1.485392936932321,2
497.59606713156296,952.4767479854107,5.554316921870973,3
235.50997019080143,311.41857494268504,22.004646279731364,4
230.02884631462913,329.764818386111,0.6492975974966797,0
211.13544599731384,329.764818386111,2.5217921823717107,1
245.39978770744057,439.888619094619,2.525075134290112,2
502.3719764686306,908.4733088190543,6.4171896823223635,3
234.04549103896252,305.8876033403649,18.780715546540307,4
230.00774807148508,329.73312299366575,0.6464886775428537,0
215.79486683094055,329.73312299366575,3.019533358266912,1
262.8917611760277,550.6258521625736,4.622396941698096,2
519.0874086465774,879.2410065892032,4.8780946717113824,3
233.92133952378765,331.32245676326943,18.5372165477902,4
230.0161576573027,328.9636576630049,0.6416482162179417,0
202.95790420815226,328.9636576630049,4.5918908695158205,1
252.7649461589021,443.3622656214198,2.739834118028601,2
605.2417061426682,970.0122120861172,5.042069512271085,3
231.69996924608034,337.5754249920045,12.139268051065816,4
229.99132406678342,329.72160353938887,0.6522713423599982,0
205.0168243022713,329.72160353938887,4.559882936148813,1
278.84973456459596,558.4881131546368,4.079428117419282,2
456.9421338771444,871.0805422009715,6.324768601766602,3
231.43010100966546,337.37709433302433,11.222208739905264,4
230.0105766587264,329.64424323630743,0.6517515148481168,0
214.52642432686062,329.64424323630743,3.4892814335730096,1
261.5120752254518,479.81324124221544,3.357500968588774,2
428.50294651739483,669.3177811422954,3.9446818540890103,3
233.20745203964162,318.1861573203715,16.743504900700835,4
229.99948558648103,329.5394764616782,0.6505467238176511,0
221.9476007776848,329.5394764616782,3.1385237035283122,1
268.25129297653785,492.47359032431257,2.710488589030556,2
555.9347201312131,889.4014846026064,5.717136011772948,3
234.4605890304945,285.46239251242093,19.802146647145747,4
230.00872154116854,329.16898721360167,0.6535629654339813,0
208.36100610271404,329.16898721360167,6.9621855580872865,1
246.80449326530237,430.2382930455152,2.4936191550137843,2
539.802308022886,880.4572740893983,5.517598433564031,3
234.82189249169326,296.5232956455428,20.575352987608227,4
230.0096368840935,329.8221551133341,0.6444161694758986,0
220.6609659040187,329.8221551133341,2.143480915692658,1
245.40350161127785,447.293950977698,2.6414420769371385,2
501.1167005512228,807.5178345398147,4.418974654008011,3
235.17018995525,312.36411239152704,21.311807668800864,4
230.00949746535608,329.2639540457903,0.6511387896032764,0
208.0253246307318,328.36085893776067,4.285117043812221,1
246.14061255738528,471.7050043592086,3.8904531326357445,2
378.409820410255,731.6032107329735,4.784354926821218,3
233.26875358672092,297.7480814621773,16.906980336622343,4
230.00056490386135,329.89023041042105,0.6481305740480077,0
219.4392967834993,329.89023041042105,4.343450918118035,1
257.48262650817077,492.10032604437646,3.7786543842700513,2
366.3996065371764,693.427217529155,4.592288566809819,3
234.47599662231164,328.05131837882334,19.83406206250626,4
230.00630681363228,329.4392690447845,0.6475356792931578,0
220.27223162655056,329.4392690447845,3.2012367395064056,1
263.11788956150747,573.2173819830693,4.798552953000701,2
506.67178143269024,927.1778311659212,7.089955896350306,3
234.9577983478704,314.73149953344057,20.87162753541509,4
229.98856547175475,329.96072582966747,0.6460631169911953,0
210.32933220602658,329.96072582966747,5.58618496959657,1
260.91278645506736,497.89632431172316,3.4044081254950744,2
439.8205856142324,822.5449555644194,5.314605909730026,3
235.74181169532756,303.84434804645593,22.516740291213182,4
230.02020461445255,330.0947025302101,0.6482659087619641,0
214.31515791967342,330.0947025302101,3.121825786631083,1
248.7085951065426,480.2645857019336,3.349137137031856,2
441.83178866835027,872.5776397189253,6.51560812198306,3
232.61822990146248,309.4715215205763,15.086451108577808,4
229.99819043102224,329.1460542598741,0.6438826026817912,0
219.42657604404968,329.1460542598741,3.979005564338552,1
243.83536137295624,480.6201036800676,3.237758558223361,2
424.1656661084606,756.9228311713224,4.52473430672368,3
231.78873362618418,321.3408328535566,12.51909909778621,4
230.002104413099,329.00170448277225,0.6452912872547295,0
197.95698335756768,328.59422275273243,6.0223116400837,1
288.2231302282764,580.2423275790305,4.48602349096629,2
507.93360496875397,798.7151145153099,4.875019002981249,3
231.71767625097078,328.52556458689554,12.253892229543888,4
230.0142606764443,329.7089643370862,0.6393949632420459,0
214.28496436392533,329.7089643370862,6.861305055226887,1
258.7799546959808,524.6030364545146,4.164782617040242,2
526.345428509824,979.7590879280872,7.011362815376334,3
232.50926312502708,333.87502815056405,14.783021821170648,4
229.98113050136536,328.59398336388534,0.6423974243824861,0
216.1875492956277,328.59398336388534,6.75007172941399,1
263.6999892356437,523.4898595900914,4.2277997707900425,2
474.3120875092732,877.3717158450135,5.536352723862026,3
234.6783381867149,283.49271865837903,20.324562602066187,4
229.99744143067798,329.5914043539745,0.6539457891888465,0
209.60123749114982,329.5914043539745,6.124205319981526,1
269.51935227013223,524.8153815292908,3.2515507473368723,2
579.2221042560018,918.1668373064002,4.54182176850255,3
231.96838780951904,345.2102717703709,13.136132923110901,4
229.9724424789275,328.8675482485719,0.6488226427420489,0
207.5046693469149,328.8675482485719,4.155540437770677,1
276.7365638181951,558.0180488818971,4.616771823700126,2
534.8691961613296,892.9320119498291,5.593247402406063,3
231.31254328409247,338.52379261027687,10.83097318540993,4
230.01478293396363,330.0119602407068,0.6571075277023201,0
220.0822263053102,330.0119602407068,2.040100914330399,1
243.61184408892194,410.281355951848,1.6659659820779347,2
437.7668008216668,820.8900358018789,6.133050492334611,3
232.3862183960467,303.5391419409206,14.41188163529353,4
230.02208261021238,329.06917161412906,0.6508148580788503,0
211.9810641633443,329.06917161412906,3.2792654667850996,1
245.01621231320954,401.0929111201102,1.7679023695442424,2
443.17941898165765,762.9891750475932,4.434235414244833,3
233.05350280452413,300.84220923666584,16.301784785873075,4
230.01180961083847,329.496460957307,0.6511580502181041,0
219.44049879425955,329.496460957307,2.0196436765737453,1
254.88563212820782,442.2324827629169,2.45455603043501,2
516.9460310542494,952.3293405275971,6.286617143295166,3
234.03531805472915,314.7922732930748,18.797643177507858,4
230.0159556499726,329.52313289380254,0.6474899575668106,0
211.91282303206654,329.52313289380254,3.6973716278728794,1
265.1133020796205,486.0118992676629,3.577831193677556,2
498.35692156045,970.7352760157471,6.893385030425094,3
234.4742989896173,286.05581580544504,19.795148995749873,4
230.00450985763896,329.90100846566855,0.6519239310120813,0
214.60594827602606,329.90100846566855,6.833373299253448,1
283.3588362270479,572.1434382645419,4.934227960245255,2
436.360544283535,683.3314370099143,3.4357720419472977,3
232.5382476846528,332.34072177982165,14.898616626243404,4
229.9828774842058,330.7341834191988,0.6560786764592568,0
205.37801543965313,329.26903070053265,5.242551329113686,1
257.41088014911094,520.0553446611734,4.195481313859499,2
414.99933270060023,676.8818435816014,3.9122575333178844,3
232.79152181562287,327.74730997224435,15.690145477124393,4
230.01924297739905,329.61622825007686,0.6510355851171387,0
210.27358238262084,329.4996774942116,5.004235089040465,1
259.15086587041475,502.57935531393565,3.6311307313587227,2
438.90316071272144,697.1322603239498,4.029611771083912,3
233.54695238356797,292.05954048210026,17.593204729677645,4
230.01880331273665,329.74772970485935,0.6503352606366513,0
215.68596676139967,329.74772970485935,7.677474029121703,1
239.88923831343533,418.2243020126937,2.2127483814365263,2
550.6617165324792,967.4725304724653,6.227914548047011,3
234.83050663254832,285.531275923478,20.571624815988606,4
229.99687321989992,330.38348495311715,0.6578203605166878,0
205.75327079703908,328.9492636145587,8.511955368242685,1
261.4622343868708,504.248935670861,3.6728979771392383,2
509.2481725512227,842.083702992637,4.110126348065459,3
234.50116174032343,333.1958564887897,19.898946051669895,4
230.01246233870242,328.9869737397215,0.6517404248431251,0
209.943847343428,328.91554068012323,3.939248863813021,1
252.6609245420763,461.68523393403353,3.2787767367438247,2
544.1438503488803,983.1548180654984,5.921241275753453,3
232.3997122513389,341.790475906194,14.459828274251644,4
229.99698217620792,330.2830425394991,0.6471076845640183,0
196.34737610878764,328.9534946339875,9.350808284444113,1
239.10438952904153,372.9546826675584,1.1745257789096637,2
561.984092141794,979.2078955302254,6.465368249242431,3
234.34594923285957,336.5792052457436,19.549587895260466,4
229.9881145738768,329.935812882048,0.6499110987452499,0
220.55610924092485,329.935812882048,3.6397894552243986,1
238.33757232834455,370.6445779428375,1.1214045686823375,2
528.2768674527143,938.0677566810772,4.996423859394926,3
234.98126229081825,317.852022881087,20.961006040182824,4
230.01179375718786,328.8073618798568,0.654619420687011,0
197.44208194511913,328.75599383806116,8.402736284302005,1
250.17280183067598,516.5206812574145,4.231409474534782,2
396.0386652895192,748.8984490569578,5.504506414585419,3
235.05156770637336,291.94025708833504,21.05866402790556,4
230.01522987330875,329.53370323749704,0.642100338823279,0
205.48275902002715,329.53370323749704,5.3376199122805135,1
257.28801360790123,515.9336142542843,3.8412088251628327,2
565.7878102911599,984.7656456312126,6.647082990812277,3
233.65440081905615,317.4677785387814,17.87057581523212,4
229.9797635406507,330.6426992605554,0.6507996969615748,0
216.12649632122057,330.19663861956815,4.534053634126218,1
256.61329870850363,563.3679454018003,5.82798992286186,2
395.4162044323408,781.150062297833,5.236752040974185,3
234.84955688493156,298.23145527443216,20.6983851007787,4
230.01636300630676,329.4110560728805,0.6492033079132632,0
215.44199725309062,329.4110560728805,3.854040783777183,1
236.489935345778,362.7659846985612,0.9678501569817368,2
424.5310797727813,858.0287131895515,7.250746585398233,3
233.29084163149602,334.6993343104041,16.946305661174417,4
230.01007014057228,329.3084502553639,0.6577171332758815,0
200.90809587223387,329.3084502553639,9.171531849702024,1
241.31028231939186,385.62178352452344,1.5425957539799706,2
552.3350922108725,960.9853963394636,6.385831202019561,3
233.18759360714947,298.5411982791477,16.692737472624952,4
230.01785526637718,330.1855727272253,0.6572019093902511,0
194.1888252265859,330.1855727272253,9.456233296016178,1
261.3403321652045,498.47789882211435,3.9007568309916043,2
387.0816852125514,709.0217336467957,5.263933374969781,3
233.00107934694245,323.98607273436016,16.171458212762342,4
229.9911492280809,329.13358838955395,0.6524374367337309,0
212.64628707012798,328.8103162604499,8.931861856392011,1
240.1445374788163,439.4553317812312,2.6384865540430393,2
434.1270589967022,679.8573732988496,4.493428462440842,3
233.2909942817443,322.1228450392933,17.013253662310827,4
230.01339308751565,329.30329682601723,0.6502774807084286,0
223.58226073321418,329.30329682601723,1.997910668504674,1
264.86301919319936,477.4214405105741,3.0884363358078892,2
463.70631787317615,743.0921946504653,4.6588372557586,3
232.85083635663307,341.4243214235258,15.769434827002382,4
230.01563266295588,329.0772202019785,0.6379237086175761,0
217.39084138193752,328.8406335424909,2.7326620426585593,1
264.4887295237541,484.31579810154705,3.5589509116671225,2
553.4821966378626,884.0376058736975,4.987113009284245,3
233.25271886584588,326.49723301310854,16.848318000318788,4
230.02810173314745,328.986122592312,0.6431022173711044,0
212.07509585545677,328.986122592312,3.948368958647117,1
267.21300711139776,485.59375596723424,3.681376613660839,2
426.81605403264155,733.7425684198255,5.259650284532568,3
235.39921158149076,294.62526311543166,21.745837136852835,4
230.0096205340033,329.12225300126494,0.6520230179290047,0
209.87230983725814,328.9665183283713,6.588667849513246,1
257.6264175708774,465.5024574047344,2.8422032661327465,2
464.2846047477495,817.6064238397284,5.908354603816471,3
232.16613995113136,325.55841042331696,13.741465063082606,4
230.03178700569322,329.7540744367254,0.6529833621265645,0
217.76292088367222,329.7540744367254,1.9831905084033263,1
238.31097704800678,400.88410027214945,1.6165673662712325,2
473.63622899093264,786.9599267630861,4.159757703075916,3
233.47879316081722,306.27301231854983,17.38916751581471,4
230.0379107767557,329.0008352553667,0.6435937837404427,0
205.1612525628578,329.0008352553667,4.7635895114213564,1
243.74821080376694,401.6801228147295,1.9739397146343283,2
416.7745552041316,752.176716701138,4.561291852807677,3
233.79691072072222,288.65760245884337,18.163532712791213,4
229.99769057427116,328.56722746787904,0.6553382828999434,0
204.41185370364363,328.56722746787904,6.514732382381506,1
265.893538601104,519.0754003761161,4.647171016701335,2
480.8716235243185,796.3748543267931,5.028163339951348,3
232.39325451546767,320.929936052218,14.485696300752569,4
229.98356659502278,329.4115834284563,0.63907475374475,0
222.13630438291642,329.4115834284563,2.151320558439428,1
264.2720979665936,495.1690182264292,3.447216995885763,2
449.95968713163984,745.3845020579336,5.113205978738248,3
234.91588482466742,311.2165366700447,20.831555449763307,4
229.98483955909916,329.5410855934361,0.6451759522986494,0
209.61000326519465,329.5410855934361,7.143968750597647,1
242.06486585182094,441.1381886070574,2.9783066353578307,2
581.1045844529576,951.5740793464096,5.98655371759076,3
232.8508268503269,360.01611144801564,15.849682368153372,4
229.99593145956567,329.72652562217104,0.650083928434075,0
209.06988832653275,329.72652562217104,3.6092970020447486,1
248.4551858488606,510.93595054999264,3.916264772156753,2
534.2016467715335,933.3159620513362,6.409249162432637,3
233.05656067720358,347.7424562910927,16.38143130564882,4
230.00452499446905,329.3349529676937,0.6537879710855632,0
215.9004283212174,329.3349529676937,4.037626195837155,1
249.23275156621628,437.8009305295926,2.8166984299171425,2
401.9821975989041,697.086069568931,4.185336082402285,3
232.6814923427225,323.7575049850019,15.315591810568108,4
230.00540723401255,329.32429870334715,0.648708257397646,0
209.6536932681698,329.079231473201,5.739071698742219,1
234.08646808994837,374.09800781640155,1.109567801832163,2
388.5013909084137,774.3321791226406,6.01946860133992,3
231.43229110799604,340.418955227124,11.17519243132732,4
230.02112060018794,329.8456097387331,0.6519709043039764,0
213.66489521000358,329.8456097387331,8.847132588417786,1
271.3837888378961,571.8334389285228,4.882498978739834,2
444.6851055163819,726.6507125084369,4.036272457914254,3
234.97849407387386,296.4841173960583,20.883607703165712,4
230.0120615864529,329.4266423052755,0.6446335294969725,0
215.98861306531253,329.4266423052755,7.138076296913913,1
242.98098188569097,404.88773862175447,1.9874673446958073,2
584.2887524585498,932.4753130603616,5.697062022268967,3
232.3290846299667,338.53651060566625,14.24459532227459,4
230.02767663221636,329.7285996510826,0.6485113729049706,0
218.8839403302542,329.7285996510826,3.394286282984207,1
237.86284295960036,383.8121148933848,1.214521347863967,2
481.269685469292,843.0252086460072,4.584716814662904,3
232.85905501838735,315.7487392402236,15.751933568945512,4
230.0186007653049,329.3202477703506,0.6467421678640187,0
202.67885648814553,329.3135909433189,6.545735691066241,1
240.11565958586064,427.37034419031085,2.6604779131491134,2
531.8494909466293,855.6015198304077,5.693254937352572,3
231.59842690683192,314.3818214504286,11.758440199594668,4
229.96502236983505,328.9744192453346,0.6490478528343687,0
208.73824247892065,328.8359036515555,5.586799739770441,1
283.1612142706091,554.0037401876593,3.975394729609531,2
555.740736267143,888.9976074922207,5.5789035484894995,3
233.71049614034285,313.1587165139294,18.133695792783584,4
230.00230300955855,329.16006287536135,0.6469296055950672,0
216.86672420021395,329.16006287536135,7.836343639086868,1
245.80682016318812,415.7958274619976,2.2045080022177115,2
518.7797709724091,979.738426755149,5.76171055814355,3
234.1754107852732,303.67964769767275,19.146834309205435,4
230.01202136760028,329.3101593867463,0.649786904984757,0
220.91894356804715,329.3101593867463,3.3339381548111104,1
294.52866641947196,588.4438537176896,4.456243450195147,2
594.7951639056328,982.285052719267,4.762856834797674,3
234.3454649084657,315.3729340148486,19.513827540344998,4
229.97803492018693,329.4874328572888,0.6413361815565115,0
222.6062837345161,329.4874328572888,2.2498081497862215,1
238.49862523946726,393.81251522204457,1.6346305637127565,2
606.7548952358181,981.1115476988314,6.01451445391723,3
234.7772303664891,284.9439003560438,20.546163536544597,4
230.00850983577308,329.11764404264017,0.6478472522169183,0
219.22333857854923,329.11764404264017,1.7463389375317866,1
244.13578415618562,394.0529699029366,1.245485233774353,2
456.6125243212637,885.3834469042293,6.244071605677712,3
231.91348617197602,349.2175549366218,12.913431428902483,4
229.98416709366376,329.38714703738407,0.6422856381062028,0
201.57092250255474,328.6657329529397,6.570835110800295,1
256.3345980143032,514.5684881060948,4.39781613015956,2
518.1916785610188,816.4166679990514,4.988400307379013,3
234.62067885282005,314.77019740164565,20.19149646395376,4
230.01480357530943,329.9636245786496,0.6474097708413455,0
221.41395743537953,329.9636245786496,3.4861906045376068,1
233.4331039401343,366.0134779945987,1.1276523958927551,2
389.7050896536043,685.1171854178103,4.0685065635485325,3
231.21552025002993,319.5177900660656,10.25180504406583,4
229.9932929572583,329.47400483646993,0.6518543550372722,0
209.10845706729782,329.35592017672815,6.550656890576802,1
261.4117457501846,498.1564780353688,3.7650127262852573,2
412.40086985129346,727.7866911694297,4.719443788689614,3
234.98314655938893,300.8496907991476,20.953847807505042,4
229.99796860878246,329.62989216134895,0.6468227994863758,0
217.3525326597464,329.62989216134895,3.1094246569048223,1
268.7647925238333,502.69163981791104,3.364664535101944,2
382.9314202537402,763.047989138725,6.31263515430764,3
231.1072288802709,328.56239099130016,9.854610200146963,4
230.0178135963661,329.2001737688675,0.6502315098718923,0
220.52517100881443,329.2001737688675,3.909293927694355,1
279.97662707504156,532.1894547811266,4.102639948835715,2
440.6228018355616,758.0548657794052,4.638927547528487,3
231.90777381949974,327.9279194379307,12.862217170759784,4
230.01256444407466,329.5563709757377,0.6498769534275599,0
223.33701584247055,329.5563709757377,1.4119118481993649,1
283.02041163776147,554.7068005334763,4.520740436426795,2
538.959240380361,856.6189890687897,4.312436167621449,3
233.50639589147934,302.35836949073547,17.5082143718389,4
230.02469300274993,329.8850957936347,0.6510105230290381,0
218.42873034382387,329.8850957936347,1.960177468696785,1
242.82113641010744,410.9138985338145,1.8792439638355085,2
553.8603164159732,924.8958707885172,5.159974821359804,3
233.2868722436413,338.1342642462921,16.91403562928123,4
229.99365548039583,328.9296072080591,0.6408065605613859,0
215.77519395048037,328.9296072080591,2.3816801211681975,1
235.03035238509653,371.9346640720336,1.2200850629871884,2
492.48499538092534,958.5217169396813,7.027746112900686,3
230.8864569484339,325.43949144418025,8.843167176894342,4
229.9968892395329,330.1541855192787,0.6413853398047387,0
211.60857362366716,330.1541855192787,8.400563564649039,1
258.98222587446304,496.8375926302346,3.2317807975699155,2
418.47398878683805,703.3542933069973,4.477500273121044,3
232.32568786981142,328.66658413460095,14.281178288400378,4
230.01963806311764,330.1408827140927,0.6495155377267253,0
214.31346493189454,329.7617913377173,8.461696295426345,1
237.6220035186364,370.2529338810609,1.0490463594714043,2
525.3771904953852,849.0231127095498,5.159404769030571,3
231.08368244781306,326.8295526328716,9.651814424877909,4
229.9854651356928,329.2926064360204,0.6502818400564638,0
211.6500321258793,329.2926064360204,2.6273390690937104,1
268.27042162515875,527.7649792500875,3.348494414481948,2
448.15967584653055,726.6015874180287,3.8446887733468653,3
231.5614662311042,346.1915116211802,11.74523592269637,4
229.99161654351374,330.2739171873848,0.6435283955440227,0
216.23246007984218,330.2739171873848,2.4536577802926494,1
244.54531948614007,478.7893224376728,3.3858822837673572,2
397.86680041909756,671.4031877292879,4.801068686766007,3
232.9228705794506,349.90595753922685,16.029665686236914,4
230.00144365305283,329.5606214114554,0.6574427435493911,0
220.25430215759488,329.5606214114554,3.745051184058185,1
251.52442407954237,546.2735139403716,5.257860925328166,2
431.15843506353775,691.5805521177138,4.288681103247898,3
234.07010418289403,300.2120593514318,18.904270753057464,4
230.00553247771887,329.3003082501992,0.6526045551487152,0
199.08081882736406,329.14190464890794,6.508386114140219,1
273.9387901481416,516.981635017078,3.8150330665015395,2
450.5931464490502,821.3352856245921,5.861909620836674,3
235.44995328311384,313.20338465273664,21.89671398239968,4
229.99013877126654,330.7222015714694,0.6532668949678009,0
221.6454817240797,330.7222015714694,2.0877728435502694,1
250.9652346647343,430.9662621330205,2.2669531997612196,2
509.89792090990557,985.6334702335498,5.6935319399477144,3
235.2242761171952,308.0425331645473,21.465969234501447,4
230.00817107871032,330.1528975223102,0.6496703055648463,0
225.83286647319906,330.1528975223102,1.773463810318472,1
256.33755050824266,566.546202225348,5.328231336960613,2
526.8265286663041,937.8637143917493,5.63876353956702,3
232.74842585619052,327.3515798138688,15.496006577031867,4
230.0172450634905,332.1591287864262,0.6442896673431389,0
221.04395500093133,332.1591287864262,1.9019538150721316,1
260.16732990464243,516.1274795809317,3.8868140624970433,2
511.68457226461254,987.7855012522682,7.27441977585543,3
233.8823287137035,297.08807538103315,18.420693151875785,4
229.99221338743916,329.2805747502166,0.6394401017650085,0
211.52455669997252,329.2805747502166,3.070212810447945,1
245.94391013490878,452.9503360092141,2.6517188575237447,2
515.6611186698046,947.871402179316,7.0118517718190105,3
231.529235683967,312.9538140798197,11.598261994403554,4
229.98686428198022,329.5933973819234,0.6536347825380405,0
212.19818647130708,329.5933973819234,4.012114290595347,1
271.6324077730115,515.7265474478374,3.448375557390099,2
483.5470968362996,814.7914520883155,5.145232238063528,3
232.06491170627027,321.11942806501304,13.489313575898873,4
229.99235516058278,329.7736446582115,0.6479549331871606,0
202.00525063616277,329.7736446582115,7.065294964965399,1
242.81720900382797,417.52429020106837,1.6315098343538958,2
514.2123644143065,858.7355518490149,5.351240647666318,3
233.31691998263565,339.8605873458957,17.076999293844715,4
229.9889725543106,328.8473722829968,0.6457700309723821,0
208.79630558724352,328.8473722829968,3.2198236281823007,1
241.57607562798918,384.79608259800966,1.3355034851752479,2
520.217034692029,883.6069726033294,5.346102982576217,3
232.61350278375278,331.1902806850019,15.164429355870466,4
230.00907999210077,329.7403805033292,0.6475529162391462,0
207.56042330601375,329.1411752596061,7.595814916010599,1
239.10442216732127,372.28247401615573,1.0739623429950276,2
441.68521963962445,713.549582857438,4.73235996987074,3
236.59652951738587,309.23933618618906,24.113182045809197,4
229.98979780479394,329.4580713054885,0.6446712856089444,0
212.8341322574761,329.4580713054885,5.795449955204454,1
256.28743149797447,455.2334334054187,2.6749899780714372,2
403.4617810561584,710.4242899128107,4.811286794969621,3
230.89441234319855,323.93454643549535,8.901643055843993,4
229.98382433348277,329.8710746755495,0.6405238972383691,0
214.3720307488067,329.50347559542354,3.026355927242239,1
252.23622366883103,478.29524288657103,3.2360213668667677,2
426.72916792741245,738.3753342442081,4.640729173703415,3
233.39086078015112,334.551206148681,17.288786850007746,4
229.99544493782236,329.9845894319899,0.6534976695319729,0
199.46033231727247,329.9845894319899,5.164430685864764,1
264.01179131951375,509.15433608571243,4.3635923651028055,2
409.55200544578094,756.3492388313415,4.7168227314944655,3
232.94667688166075,306.26014974697364,16.08473659048211,4
230.01719246919328,329.8433239338465,0.6497955702280498,0
215.15330948201844,329.7439971876879,2.021000811500166,1
253.1125940483025,516.5819129858426,4.672109170637555,2
394.49420811856675,710.1362467367372,5.5149932954150644,3
233.94235381489284,308.74060779777955,18.564530304073003,4
230.03331761846698,329.71242476680015,0.6463401169620968,0
215.89806716111926,329.71242476680015,4.207763540591312,1
289.6983052321497,578.2844881054053,3.5590750621314573,2
517.4352343494768,813.7797738408838,4.905369895594138,3
235.8942659121122,315.66843985061723,22.726748897881144,4
230.01338077893524,329.1743149702914,0.6569244519239013,0
219.80396487303807,329.1743149702914,1.7021945296612229,1
268.58630030166336,564.3239136109696,4.731561220981206,2
402.53545614286185,803.6882266120241,6.812172288453596,3
234.6089705585004,315.5519614553172,20.100604802936655,4
229.9914569784012,329.268125285368,0.6515291141098106,0
212.39558756683633,329.268125285368,6.384140306740623,1
274.0206470375,549.1036016268293,5.128063338475193,2
529.2390304771639,881.4614386117399,5.76686117590134,3
236.3053246127152,311.4811374623446,23.601635351766813,4
230.0120797676669,330.2237955026329,0.6508573797864698,0
199.7422936100242,330.2237955026329,6.936898724318412,1
248.36872700089157,520.145684775145,3.5673892964974545,2
359.2505639649995,682.3852223514322,4.552497353171222,3
231.78269366472182,336.652152989148,12.449143010885063,4
230.04065927888175,329.4875994863706,0.6460403700737718,0
221.5241029213222,329.4875994863706,2.7985795164623273,1
253.37395136655348,503.3689560896073,4.118230399514399,2
433.788441016675,803.3783365847363,6.123309418758092,3
231.91704978223473,335.99498261255377,12.81503640828831,4
230.01530390248556,329.60668703879,0.6492369156663346,0
216.8262011671839,329.60668703879,5.646843173632473,1
242.487691708121,390.52752223314695,1.5027662674576192,2
398.86768181132464,683.5377298925592,4.567974793888822,3
231.07662247771506,329.83618371868033,9.639543077307971,4
229.98888632932145,328.9921984060501,0.6495294605864455,0
204.73280975547763,328.9921984060501,5.104720526961321,1
246.48384716968124,421.77780071304113,2.000885877980336,2
470.7958978988535,985.5810778136693,6.406346085104674,3
233.4346865381812,328.9723365517249,17.387605025559587,4
230.02435434069506,329.27115136605164,0.6469203083601329,0
209.18562017362785,329.27115136605164,3.3584110383931076,1
268.9731922691199,575.8269021213598,5.769440897524903,2
451.233943255955,866.4382320762484,6.0190621698990965,3
235.226604278524,311.8716914390268,21.39799991487109,4
229.99220458124213,329.5035170934807,0.6527158358721795,0
214.34057896460794,329.5035170934807,8.1141057905243,1
256.80177906666427,474.406693760548,2.5967076279976737,2
537.3599170478291,850.2589387070577,5.107308677503623,3
235.70309393489458,301.1401816439852,22.43277170158624,4
230.02936351234925,329.48363974460835,0.646717086893068,0
206.81763912508688,329.48363974460835,7.029336542622105,1
263.8131717703944,482.0363008995374,3.368128500710952,2
450.89691141007,890.4185453433485,6.680511501040032,3
230.98261990066976,329.50327363431495,9.13645228364299,4
229.99473245373179,329.7862546391399,0.650437000001328,0
211.4753837020269,329.5074216893078,4.237159250151878,1
244.60499223294005,396.3978273190578,1.5529869960343177,2
449.9272193905663,726.852999185556,4.767702389875988,3
233.2334716300016,351.6785228800966,16.853904582686724,4
229.99287525864023,329.1657584644614,0.650563138227506,0
222.0079259257087,329.1657584644614,1.480202406840612,1
240.67886718069664,436.564272776022,2.837854343154106,2
399.62885147271646,671.1651897215296,4.127007955336678,3
232.55416793376605,306.1797727211304,14.980020112768432,4
229.99018490345026,329.97407927856386,0.6533752040202029,0
203.48787025754226,329.97407927856386,4.9615046202544075,1
267.3637973325132,503.85593524309735,3.560688439988829,2
463.5532898039241,725.2422919574,3.9347732598913208,3
233.30524261762127,327.9001539283573,17.052719322262725,4
230.0139100424634,329.1642114603316,0.6404312884867347,0
216.86613139918742,328.9340537851297,2.9582698471420357,1
246.6729587112593,497.79945480806623,3.845289064021858,2
466.08541984219056,818.2118632348021,4.772153316288521,3
233.26121841625996,298.29994837002783,16.87520795479848,4
230.0100397568879,328.7539467645797,0.651508461599335,0
201.6370087095576,328.7539467645797,8.597147762397315,1
264.6128565672337,478.71386208857484,2.9686145674789595,2
569.1139457593432,966.1874830031461,5.736951079970355,3
230.8155836966869,332.5717886615223,8.402045313059967,4
230.01081436224297,329.76722572346455,0.6420216722603751,0
204.28949821300728,329.4629048636998,5.5074718462683325,1
244.9588635382736,470.95590852140964,3.2526664924889412,2
388.4546821032278,669.9517028113545,4.478970191427199,3
234.79269345734002,298.3347696512731,20.50726644141581,4
229.97950508312525,330.2887233596469,0.6531985000824541,0
198.17130519467048,330.2887233596469,7.276855146866029,1
245.7857179429338,450.91948996230417,2.74965926591097,2
518.2304099515213,854.0905108684839,5.407929732483716,3
231.2682967028781,321.9597668612479,10.62188291748991,4
230.0041227611274,329.5141037356268,0.6502141117955947,0
215.71970690277573,329.5141037356268,3.208369050277795,1
243.33423529560505,457.907850055936,3.023570690905512,2
477.35692238243456,798.7606909055006,5.2449877845946205,3
234.8199693127447,292.4662495724805,20.58122078031057,4
229.9934148780115,329.5610433817283,0.6471382770982811,0
219.1303619790605,329.5610433817283,2.062958957117721,1
273.24801762666993,554.1058765483235,4.675148948543484,2
466.28345358294104,808.4365340699989,4.438461922892296,3
235.5565295308581,316.7067257466811,22.137142800212555,4
229.99876245844436,329.80199457012316,0.6508449690110453,0
208.67888230471686,329.3815968308481,5.830942163245723,1
273.720760867902,529.6962407234593,3.7720463059700733,2
409.45766541639466,703.3802347834092,4.340751243078877,3
234.83426509572507,299.14706947543783,20.623837597299715,4
230.00914284994144,329.3175457464206,0.6475157894345293,0
223.91357477079177,329.1411834843219,0.9989155298792947,1
249.5319121241051,486.2116811871861,3.562107315585209,2
463.9169189899375,755.37390187336,3.790036128411831,3
234.0008733557458,310.9529071886341,18.72269151351067,4
230.01735416592786,329.6797231514737,0.6466036610883665,0
218.42541997118394,329.6797231514737,3.7563013608552573,1
242.44798888476558,439.66401955090015,3.0999889292727114,2
439.35822715956493,706.1345312842507,4.685042132983347,3
232.84508663679205,353.87313719130776,15.742017499676697,4
230.02441543086127,328.9386053102171,0.6462585673320458,0
207.64490229234542,328.9386053102171,7.187706187929887,1
241.92736358985408,397.2160342409651,1.6082760592855843,2
404.81668640710745,720.8432814885816,4.416462331881055,3
236.0260342531867,310.14355929450653,23.00156497937923,4
229.99715784933602,329.8404810778324,0.6436618503643226,0
199.00078946608934,329.8404810778324,7.30991052025132,1
247.76213568311965,440.49090392032633,2.288843427211565,2
547.0072822426672,896.3096142955675,5.014883970405138,3
234.3285588921148,322.31307748715136,19.509614002716216,4
229.99815906328206,330.4278046965038,0.6425425919793014,0
203.9690507886586,330.4278046965038,7.375221266976843,1
252.59795099631586,535.1150160993186,4.820154634560839,2
480.78720541163057,935.6014184810788,6.537159244385932,3
232.09805119887767,345.6191546851311,13.55930924299981,4
229.9840718530383,329.43750479544195,0.6510684560580653,0
204.8355767745596,329.43750479544195,5.186132075450236,1
273.182283132111,517.7212535560093,3.828381791145495,2
494.3285492822763,793.5850813138647,4.527602354512878,3
233.53776458330898,334.04778218497734,17.659644833420266,4
230.00660201862286,329.81506790904723,0.6502952121794333,0
224.48272207288548,329.81506790904723,1.2810951636823775,1
257.19195994234997,557.5177676310411,5.701256032300181,2
454.1075955956496,852.8184052499741,5.502721058858871,3
231.73288959283028,329.9377491296053,12.292285768199477,4
229.98755098727446,329.20292113617984,0.6444474887755397,0
217.77500439026312,329.20292113617984,1.9515246448510697,1
252.08777055814969,494.23892428403906,2.963337165236791,2
478.3742875555014,819.5091836259406,4.554902881016986,3
231.40655169192715,319.55607370681065,11.144471069521291,4
229.99713462379913,329.93509005344134,0.6466326304042795,0
213.92453848847094,329.93509005344134,2.0509145513939977,1
251.87784406293375,439.68203436173,2.4446974722640125,2
468.66578383192046,869.6817308580524,6.011275953446026,3
234.7712231686931,284.69550858181583,20.49116480817891,4
230.03199092767989,329.7561631515034,0.6549485565596722,0
204.32586900470957,329.7561631515034,7.161945147651068,1
250.67635295818835,430.7947484251611,2.6807764036867057,2
531.584886270992,884.3737671782928,5.119444513350204,3
234.44294151778217,314.36183252865396,19.688328888589023,4
230.00739551095654,329.0116644547971,0.642483342874551,0
209.16340026520334,329.0116644547971,3.173909876695923,1
239.6166211689385,394.61884585053684,1.3117362465183484,2
405.10367388558325,706.9426996910512,4.780407451825859,3
231.26408731870916,316.9507356151899,10.487607835628218,4
230.02025335570062,329.13990047029773,0.6499428727027539,0
217.85223444723675,329.13990047029773,2.096950532190346,1
280.41625182894484,542.5076652476505,4.031259974757732,2
533.1401000820615,928.1788634428877,5.874929120088219,3
231.32256747350263,316.97637899828845,10.676261904698878,4
230.03484604896155,329.28203161986175,0.6466881752243707,0
224.26185554477956,329.21057496404,1.037997200891243,1
235.84531714699537,380.991895765204,1.1409590227441662,2
538.9730601634997,875.2282430507632,4.689654266942344,3
233.1095301943216,341.85510975293306,16.417657606926753,4
230.00931289111728,329.1117632503305,0.6503525387741708,0
220.7963512139829,329.1117632503305,3.1481114115133164,1
255.02435740687955,444.37427678878873,2.516705238416744,2
517.5666593394096,891.7673056222507,5.539273542285926,3
231.0432735818733,321.22846965159243,9.514981948166264,4
230.00307557444816,329.60000264095686,0.6494431961385978,0
208.57627912909834,329.60000264095686,5.157352388521713,1
271.16466735573016,581.2053044539093,4.784595764697332,2
582.7117744268004,954.7993501561149,5.954691978991953,3
236.27907526930923,317.59453726062804,23.529188659079217,4
229.98950456914443,328.68506164798686,0.6505277614011399,0
210.87288820675943,328.435133218315,4.381729654125204,1
265.85136010347514,533.8730934525953,4.681534590987121,2
543.5603724830727,897.1814558868202,5.027017400010717,3
232.9113352629377,313.4859417741983,16.004122435693166,4
230.0083368546467,331.0528132115071,0.6472721330764329,0
216.7313849092305,330.0665681239254,2.786631754107328,1
245.63852030910954,473.4674711742506,3.522876902267849,2
474.41976923189185,769.0668359473929,3.9860276699207624,3
232.03381504586446,350.6928027515142,13.316308972384752,4
229.99984965228322,329.1503953354496,0.6564763508993178,0
222.29078200945688,328.68721404153484,1.4262688091995563,1
245.43805185592208,429.28240807880337,2.2223550771145937,2
538.098411478735,924.9702595097439,5.977324765407524,3
233.17831185889648,337.29564879892513,16.69553999545011,4
230.0009702553494,329.2935209858102,0.6469102144282834,0
216.50529765823666,329.2935209858102,3.746956761339605,1
242.44133081362162,386.6880248632142,1.4603156393541203,2
552.1215110760947,931.8494953646981,5.80552436502315,3
233.9748194271435,294.2245244627865,18.68071266772977,4
230.02496643300424,329.690764142752,0.6468159303670209,0
217.2238977283224,329.690764142752,5.510179717691187,1
278.50880990499553,556.323816424509,3.6690148445503517,2
398.67670630918394,700.6048208830977,4.148866329816479,3
232.60683543869638,308.40269381117196,15.03907414767488,4
230.0092556154515,329.3037060457587,0.6534082375723816,0
207.23564988915084,329.3037060457587,4.932446761037595,1
237.41232145663653,378.9706087696731,1.4492226997878754,2
568.0823593264681,928.3718972081289,5.818389398942123,3
231.25679579147604,339.1329769907354,10.450034489874316,4
230.0148847743155,329.05377861001665,0.644480270575078,0
212.5962728797097,329.05377861001665,3.964103487396257,1
277.22410218063663,520.7661472657716,3.1795339302775423,2
477.2045319904977,910.310886469751,6.922976639350026,3
231.91740216360844,341.59553006197234,12.90472968280342,4
229.97588418813734,329.48345236743444,0.6471315847215785,0
213.38054271169875,329.48345236743444,5.002167958057896,1
250.8885454183237,551.650771880747,5.013047005200275,2
552.6812562669147,953.6140473502331,6.449704265733248,3
236.32473551390657,318.5911824858266,23.66845414137086,4
230.00361754457742,330.53701191997783,0.6434001741173004,0
205.25698353418863,330.53701191997783,4.6159031264378285,1
255.74200619180763,564.1790560183307,4.579291090134376,2
563.2398241295687,981.2486027994269,5.736035723126953,3
234.57262026596723,312.00042827747797,20.041837736299655,4
230.0103464448768,329.6929333579694,0.6415183615419133,0
208.25701493107985,329.6929333579694,9.188599756838554,1
265.9714214519223,564.8664136722325,4.730928027160304,2
510.7347514750175,983.5605601714841,7.388355720344373,3
233.93711273413228,303.95179343974314,18.56833464008359,4
229.99893052195594,329.65843031048877,0.6509129587110075,0
195.1359798141188,329.65843031048877,8.193516231685894,1
280.072716291042,583.3079198963458,5.745782882495865,2
477.63407487243524,813.6352898316431,5.141328650899362,3
233.01973446019238,319.9725330432927,16.27390090800313,4
230.00256428106835,330.4245531488672,0.6438398216313772,0
221.67805100724118,329.50288303887544,2.7228415632988536,1
269.8288454513077,560.7793941128552,4.944647371621082,2
378.3111611164522,686.7648732648796,3.95722573535623,3
234.40134777701093,308.33303230898895,19.661816146007176,4
230.04704653358868,328.72994180106144,0.6521263722352909,0
199.12374917024815,328.72994180106144,8.20895185635315,1
235.73339339247866,364.8407903280386,1.11873319977716,2
439.48122775425117,888.853135709404,6.639684879039268,3
231.09325029442442,322.5791245798194,9.57035263385305,4
230.03043985308526,329.72826694755065,0.6435459871371568,0
204.69975768342857,329.338228627384,7.15351483866618,1
254.07933382722848,498.3753987106458,3.336274396751478,2
433.467405465107,737.480332393771,5.1979855818779885,3
234.1761465692932,335.8671192470258,19.082086416237427,4
229.99404936415272,330.2280939901145,0.6513988231795869,0
216.89371246283346,330.2280939901145,2.597931762898707,1
246.44792384024507,413.2887711629106,2.0704272471686513,2
396.37853227216857,673.862066068908,3.682301361418273,3
234.13652007747612,311.2592162867952,19.07637634520271,4
229.99575358384502,329.3194051189792,0.6504759631024439,0
210.2867594014258,329.3194051189792,7.326636163662082,1
237.39528974708105,386.8292056491672,1.303686790554343,2
472.77441692437975,980.5960395160362,6.252070392445268,3
232.67072163562653,307.21902548607204,15.309997422433183,4
230.00489663774798,329.92202014201985,0.6555659459580359,0
207.85760485875997,328.5101236215152,6.82221150596586,1
263.2851538377338,499.42008844006494,3.025971276516794,2
405.5461794309317,753.5579488166399,5.898828619606785,3
234.10424794149884,295.57841813560964,18.97576502006891,4
230.01428995507518,329.3777942084809,0.6587803125759324,0
215.537165869553,329.3777942084809,2.7347107642685766,1
285.85082001610283,562.4288073567844,5.173815502995813,2
407.4370617631838,684.9576520827135,3.87980148856134,3
231.7849963254729,323.6812978520878,12.449831354881294,4
230.01524736058974,330.51193372513325,0.6415809453655885,0
201.0096938432374,330.51193372513325,8.925280021623129,1
257.4052911894057,461.8007200844257,2.8771772989539954,2
502.79035517959966,793.9513874168487,4.766258608935606,3
233.07001508473968,301.0201549999586,16.36462362380911,4
230.00649081654674,329.42318597915806,0.6484171995510984,0
216.6017114383974,329.42318597915806,5.3478671854309034,1
253.4553804865432,430.65374262484323,2.2794728317625013,2
522.4604901185057,861.2683039772553,4.202190758349662,3
233.74488344704446,298.1928777675685,18.114761321416115,4
230.01998168622904,330.17878286751954,0.6431484697158786,0
201.16783062017151,330.17878286751954,5.239496013770181,1
245.68971959950917,458.4860310588625,2.8838621445220447,2
541.6078531650081,936.8263318614565,5.815778165345399,3
232.11333296725888,330.0640518928328,13.53751270789565,4
229.98714165230692,330.11898022824454,0.6438292731838895,0
207.13937907619245,330.11898022824454,6.5204711284656245,1
267.6288374897431,554.0045338715477,4.979429547214812,2
479.0906923583123,780.0246313474476,4.76908405600677,3
236.32659845208337,308.27196207374965,23.65002788644163,4
229.9984608258941,328.99609939309204,0.6483359410190547,0
207.89829156641989,328.99609939309204,4.692269448856581,1
249.1551597216572,487.0375974818694,4.214210123282033,2
439.2541137012037,740.6798040338912,4.554178042215992,3
234.97899253759167,318.5214290111498,20.933723455859024,4
229.9921585113695,329.48243861473026,0.643400658533317,0
205.10862285794408,329.1885606133668,8.22493733715987,1
255.17670567885446,440.21706044271133,2.642825552172151,2
596.115426423678,972.412073244258,4.9589258251788895,3
232.21902110826107,312.3729483634439,13.9644704358358,4
230.02867084180227,329.6516836859515,0.6404378002329075,0
201.19768047358272,329.6516836859515,6.11465236030877,1
245.50283508566267,422.45482716616885,2.2000097783164434,2
533.3237765207454,956.9389657356406,6.695410935900601,3
232.01942453755433,335.02449347639697,13.200522269064322,4
230.02103790564954,330.2825553294283,0.6447001213999973,0
212.54565149607885,330.2825553294283,6.9326959953025264,1
240.0022253132691,392.9852470455252,1.5341329467146387,2
482.4426929662957,836.4058807987084,4.896157738496771,3
231.20204878577562,335.4581591716201,10.167142611749986,4
230.0202158115834,329.3880914443046,0.6540026364260129,0
208.68353919322547,329.3880914443046,6.980419205057835,1
265.7127538716684,566.0823220164518,4.09686296908788,2
451.8813047759247,910.0869860977111,6.218921875970481,3
233.02695115633787,306.0778282212775,16.23514835204947,4
229.98967489439596,328.87865442675303,0.6476659984913838,0
196.21238095649687,328.60702341630304,8.074224482040663,1
239.96246919479674,391.9672711185212,1.364148885410426,2
378.88485916852744,740.7553862042129,4.759464876179833,3
235.0063468191824,319.9036813061282,21.010664461086318,4
230.00768170199325,329.9049945040161,0.6568900225971077,0
205.54560806526578,329.9049945040161,8.031376787849318,1
244.58496607139972,404.69553148063636,1.6859678562032985,2
432.05048442181885,723.2909720360125,4.7057837177309105,3
233.78983511495605,295.372188990698,18.22146520892294,4
230.02568943549346,331.20054767473573,0.6495821571073498,0
215.0919781992548,331.20054767473573,5.922104409200917,1
269.51700566683076,586.4603232583452,4.640055285237358,2
467.1508544534197,856.0661816629582,5.161321574064517,3
231.83301013400566,313.20815629553823,12.577232791772957,4
230.00791897579805,329.78749779105357,0.6481540979851269,0
216.75827016337746,329.78749779105357,2.9328083432301377,1
245.10016361294035,496.0872319282559,3.923010510287913,2
503.9166776251006,839.1942173446643,5.586006050925951,3
231.67694404370894,322.4316677869039,12.086374852921022,4
230.00918166681763,328.88728772390044,0.6522746895422568,0
208.6973039137451,328.88728772390044,7.18219876325725,1
245.33759171341097,466.2060370908833,3.4675897915536655,2
479.90320206375355,768.4601972426832,4.9914692007419355,3
232.62336782120343,337.2643267615723,15.134018415072404,4
229.9982898119725,329.6518597655738,0.6482475824355683,0
218.59775100858076,329.6518597655738,3.227613385598619,1
254.51400600093802,449.849049310672,2.5796485073821005,2
419.13673822124616,699.4302589430612,4.8172412809587755,3
231.92230460480198,352.0486045225328,12.978213491641496,4
230.01530007334108,330.4646349346806,0.6414731243108198,0
215.3314433516048,330.4646349346806,2.2809244718114634,1
245.33271945666323,452.28099623806173,3.0937824053075635,2
401.9942496132549,723.3442496580878,5.34107515243787,3
231.68021821853736,336.89317097940426,12.070928880603036,4
229.9824732464437,329.43434988282416,0.651129625122901,0
218.43383275061217,329.43434988282416,5.649247549386806,1
238.4643077335588,369.37853775891324,1.2101473990624816,2
425.4865794855646,685.1700907847048,4.224431289140732,3
233.12525133596657,296.8743326215309,16.601477072353855,4
230.02507926604775,329.42553477328556,0.6442855837625815,0
212.85922939856619,329.42553477328556,2.0209062240271307,1
247.1534799440506,403.87657379570095,1.554978975054764,2
458.4805820342743,787.47023719415,4.86250321089563,3
235.35846917749984,303.15326933763475,21.668715989331055,4
230.02279454568054,329.69754334662895,0.6543392365174905,0
198.96783892831823,329.69754334662895,6.839610235895717,1
270.73019064507724,573.238092843124,5.155537528921469,2
450.88757522227655,753.7615296287811,4.190381193528781,3
236.05700277634628,318.8626824519547,23.065010401338224,4
229.9592688117567,330.5106892926764,0.6442137032333783,0
209.96958654622247,330.5106892926764,6.389299349295202,1
243.97136187035815,444.1329450106851,2.447372305550373,2
588.7565980434267,936.6297485793773,4.344538054666546,3
234.21468551583325,295.4465559351901,19.33796383211331,4
229.9908344291091,329.6686236160792,0.6502343500291569,0
221.87745394854159,329.6686236160792,1.6508639397130476,1
253.34997680078726,485.3053702364369,3.160554284779752,2
484.37915532464103,851.399907229614,6.0092505779824394,3
232.2448669234844,343.21390102201593,14.049995494572856,4
229.979183485085,329.51105975626825,0.6507808288542003,0
206.5267471310417,329.51105975626825,2.9620864209588755,1
282.1490331400651,559.5968698137848,4.360050589849549,2
453.323883188592,707.9060717230348,4.214770636103403,3
233.06797413165407,355.60282301922473,16.45763433161735,4
230.00901246478838,329.41423308199444,0.6429925546943605,0
202.31041833141927,329.41423308199444,6.200278513996541,1
244.21574700097216,439.704798593603,2.170163060548354,2
427.1246799359482,741.3289717327999,5.110397773520297,3
233.99031545160526,324.8191087873388,18.697883751427177,4
230.00024800858387,329.18519439763645,0.6513059722976275,0
208.1911039265392,329.18519439763645,3.528507940312184,1
273.01564894655064,562.9914502626873,4.578405229609412,2
427.7679529469498,753.1728524841344,4.899461048042951,3
231.42151335451717,321.97506191918006,11.153453860992208,4
229.9890995242772,330.6302336889205,0.6544457934599915,0
208.87724229360998,330.6302336889205,7.020905563410711,1
285.17390964689696,567.3395500431662,4.567626956400746,2
377.4304862562226,671.853340538573,4.683132360009614,3
231.91111164274457,338.3292171348159,12.972022027480861,4
229.99955169377088,328.9423183264056,0.6569949866244098,0
213.7506330210031,328.9423183264056,2.38343837025857,1
273.05026108519127,532.5537004916661,3.716054377364891,2
438.7673152369775,806.3161460177243,6.15990078835897,3
232.8978544493821,343.73478158807666,15.93918045126235,4
229.97409799193113,329.923408644679,0.6484853573909122,0
211.84458050759756,329.923408644679,4.312835384327034,1
239.34311106039766,412.25204779374326,2.1314641354468638,2
429.40850820812756,776.9974643548351,5.982929445320329,3
234.27251715941344,335.24195340832733,19.435733814772085,4
230.00613036415908,329.8406014023233,0.6455623137170972,0
222.5033953332656,329.8406014023233,1.9752980901042716,1
260.86862761541664,460.660786044371,2.671925672475724,2
469.567946876319,947.0335508182648,7.810799853489024,3
231.4271646876547,325.00458938122483,11.15206680921674,4
229.99589531610786,329.9873641009341,0.6549438510545446,0
214.81037798934423,329.9873641009341,7.097793169355439,1
244.02382335886773,408.7374817960059,2.2044008189463273,2
372.40810100975114,686.0994865399659,5.045502075666537,3
232.97021023137887,351.7033466918639,16.147857937120463,4
229.9924738799875,329.13575231831743,0.6427250988341624,0
196.543827510376,329.13575231831743,7.517581629989705,1
240.44553776580597,397.77146683178086,1.455821765727993,2
405.1203867387465,683.8042973295996,4.923511555169387,3
232.4542949486581,342.3689502227961,14.684897934461722,4
230.01257565361848,329.0658873413454,0.6531029561498405,0
219.53534776246988,329.0658873413454,4.1879424722054175,1
243.51156048658655,427.41017288279704,2.4114614936876095,2
408.1810846780966,812.9703375405535,5.275478800284637,3
232.32584259548224,339.5996333026262,14.233389564840754,4
230.0028350731832,329.1087071055963,0.6497761622880438,0
206.58718809087483,329.1087071055963,6.501978046559007,1
241.07615931491296,381.150686984349,1.2214685170521256,2
387.78563548647764,683.0268893187164,5.0370842321667135,3
234.58452464462638,311.65457075524023,20.070136702560447,4
230.02466525915426,329.29145885519307,0.6508259285907559,0
218.90803278205095,329.29145885519307,2.007972207705086,1
275.6402279788271,583.8030785084447,5.476867006704053,2
475.5637456379512,771.208662567683,3.9079957189074213,3
232.7668385412996,298.604274803366,15.500945109252806,4
229.96842772078364,328.78287257859256,0.6547461069405234,0
197.05534349623704,328.78287257859256,8.037222637615718,1
243.6230574138692,405.92676568714734,1.9901675915147614,2
372.71689193712126,712.0081514581509,5.36920071048153,3
233.98008572045686,302.9493610803689,18.771647091836254,4
230.00514946047,330.68077729402614,0.6543868280086724,0
220.9980604382372,330.68077729402614,3.7076657743969075,1
269.29306313537637,498.1798594051013,3.178948473047103,2
446.4610501136521,773.3091388671215,4.709516135050578,3
234.23533774144553,330.4094602667304,19.27851294192596,4
229.9974051142829,329.74494654902503,0.6497534919709982,0
217.55259928096947,329.74494654902503,2.0907093493602407,1
245.36180629839217,434.05584111696515,2.448510506902924,2
438.6326613898841,774.9964753171446,5.140566074316843,3
234.2162805013758,294.8454194980967,19.252676994581773,4
230.02346249946362,329.3216588332712,0.6518007683918894,0
203.09441566279716,328.9323964552602,5.447444567192481,1
281.7298669628151,563.4918255822165,4.730890445055897,2
441.79874320695717,857.4732697953656,6.965667217399875,3
231.95353675366547,346.6009013744793,12.99813710774043,4
230.0020813266429,329.38150879332954,0.6529784771529896,0
224.04608122757278,329.38150879332954,1.4234131534242014,1
262.7930813257044,482.92240602226184,3.503362071169895,2
547.9951380489558,861.7774925632053,3.9661035838304417,3
232.11641474196665,349.56150778451774,13.606351857792209,4
230.02054035654092,330.52132228517604,0.653042304551387,0
203.70406494241448,330.52132228517604,6.030691054681181,1
252.38812555305006,508.22370994685053,4.558571410978634,2
456.4120787057463,814.6436535314592,5.501202280698885,3
233.55446503962648,310.9895800726777,17.608821088745312,4
230.0176337485273,329.42156539236464,0.6469277115680098,0
218.87815201721338,329.42156539236464,3.5592729695933905,1
278.01928126087813,525.7727102951827,3.992111183214569,2
586.7042062486533,958.3925451484259,5.84344554176931,3
230.81145048487286,333.34625960220774,8.34043123183927,4
229.9928866137171,329.3078301697838,0.6446894579458963,0
202.74304292504516,329.3078301697838,5.65898303231638,1
279.90205290329504,556.2793635667769,5.353815574070256,2
433.8636398014094,744.6633926169646,5.071821323334481,3
230.724889501506,331.54240966519103,8.010867490200825,4
229.9959485110465,329.37870363134766,0.6521391619923308,0
224.95148496851715,329.37870363134766,1.5808482650074545,1
243.57529714141234,476.98945010816317,2.634613008012485,2
386.4498045915903,692.6443954241942,5.245420260494811,3
231.36946626343575,321.26917828673265,10.96473954189239,4
230.01260191265683,328.8780239510924,0.6489349959775028,0
216.0414905120298,328.8780239510924,3.1903385450542894,1
239.17315986102705,384.0163176614091,1.5790758467702146,2
423.3012048803714,753.0479240379428,5.64681691223012,3
232.62350062315076,321.0706113939616,15.124203899319857,4
229.99889753449966,329.37352445672093,0.6451467830540192,0
214.9118043491643,328.9636723294654,3.275510433369585,1
240.64533724250936,382.71080792129726,1.3766374417286777,2
413.0984480500636,768.7782179882893,5.384770490194465,3
231.00536783850254,338.15454527478687,9.387810064728628,4
229.99728364549645,329.46168731891333,0.6452485754554937,0
223.1829170862985,329.46168731891333,2.2920374461380093,1
258.79776708766,579.8864193371196,5.656765397349867,2
531.71064997939,853.8278742652096,4.581783466985516,3
232.2353803933035,319.7611165008291,13.999674930360825,4
229.98880343031598,329.2336978918927,0.6517611639697775,0
213.55213677113835,327.8689869923522,2.176755713005944,1
241.5953927175008,386.09241674618,1.4016567136065918,2
402.8728837032013,731.5116045366769,4.451818439059158,3
231.62529098158024,331.11475186765466,11.968601405524968,4
229.99698848881573,329.47700199899464,0.648114272063422,0
219.28536960799062,329.47700199899464,4.292750455996475,1
250.83630508321286,421.88916731181894,2.403668214320045,2
521.9976394052132,915.5415466213245,6.176726620705075,3
233.1673092852653,305.6416048838772,16.673798822608063,4
229.9911996136547,329.658987178152,0.6470613514397717,0
215.73096296497883,329.658987178152,6.043713584597406,1
248.53233046511383,465.1785903324445,3.305982997220446,2
420.85459651172357,796.6604654880373,6.270311568472178,3
233.55714810341837,338.3180801995118,17.689833601335923,4
229.99085382574967,328.6302910013231,0.6469622620520666,0
197.3924520311557,328.6302910013231,6.244916316629093,1
242.41344514843502,432.8816043123435,2.2050764419128464,2
487.67259107760424,795.5680155289137,4.577233483709273,3
234.22931816453436,312.6438435940862,19.297857681835985,4
230.00505835675028,329.54762425504737,0.6491385615990501,0
214.67517898091742,329.54762425504737,9.162355643594006,1
289.43223268040805,585.2369297314302,5.6126868102660215,2
405.70544055872534,687.0148511479282,4.41644152026877,3
235.0506900277496,315.4165573274317,21.071154271179672,4
230.00228383090297,329.681765383483,0.6514758115462996,0
204.93624263198885,329.681765383483,5.479076409628638,1
239.89108092180135,377.8996929656425,1.1734154941003305,2
383.9294533010307,681.5659634206976,5.036486907435743,3
232.5482427884036,331.51703221566794,14.93468486815344,4
230.01640624118338,329.6892318916821,0.6503402432906636,0
214.7169094066912,328.967622167574,3.0613683009660226,1
272.9474421104354,558.5908588623636,4.435408565135341,2
595.9241154311186,944.7564253994683,5.424815190532068,3
232.85571101873802,312.52460842054904,15.774529127252368,4
229.97948746816178,329.1957972742442,0.642459304708392,0
216.04873900063083,328.53558423673337,2.9864543486509665,1
239.13077039899846,382.1843152409141,1.2240485466906446,2
512.9570795753866,907.892125555865,5.941440068248703,3
232.6182167412175,339.107867547105,15.20572573690957,4
230.0243973893304,329.354565008174,0.6460499444825252,0
220.7923715649792,329.354565008174,1.4165908664028672,1
281.92786905001844,549.8980468049344,4.040197852667755,2
498.8928976983963,871.0809641874051,5.8448825391870685,3
233.1499757849308,319.00070048983486,16.55402900787664,4
230.00182007239232,329.58609291241686,0.6504889381855615,0
219.13532009612535,329.58609291241686,4.292164495551773,1
258.6958981250529,514.7329378397491,3.9319252466101724,2
560.4223888963454,912.5028899412546,5.163930133771173,3
233.33545440632648,343.88674404719023,17.10015590259466,4
230.0029053503574,329.73844003050914,0.6451408984562133,0
216.41518950673708,329.61623602320145,2.4773820446371646,1
241.41357468040206,417.18553702062684,2.2373550010374306,2
428.6109030678415,722.6844846269735,4.223589090535587,3
235.54179458440936,305.23691078119793,22.087837302686946,4
230.00552585548468,329.2226834160762,0.6486780968265887,0
216.62802119175763,329.2226834160762,2.3539432911749003,1
254.27647717660832,451.75862347698023,3.1807610893238527,2
464.2477637154245,879.6667984689389,5.877747655062287,3
234.48232473560714,317.0152856893986,19.836921612742575,4
230.01703541616496,330.2094373469715,0.6529798149405578,0
216.23856603738506,330.2094373469715,5.427276324159907,1
274.62167353647607,548.6343954348229,5.372736504494854,2
537.3902663542451,978.7821002763435,6.274932889614885,3
235.48380145705838,298.8653620956315,21.941546560130135,4
230.02573082666942,329.7670636215038,0.6477879974896482,0
210.70303003942104,329.1471408116699,3.932172318162777,1
235.46676672027044,400.2876748462422,1.553009145069924,2
422.6141588374189,832.5215024781362,6.035914862744616,3
231.09759683189608,321.5873110922817,9.686900585865612,4
230.01531518096235,330.055514888291,0.6545334217120772,0
217.83935810278575,330.055514888291,7.425985709929751,1
245.13793035002692,459.1812578320193,3.0291481980123476,2
542.2367723213995,870.5850013538286,5.755903131185815,3
232.39031923279018,317.0924010323341,14.422618198113293,4
230.01522197513046,329.4751807132877,0.6482705770842959,0
219.7722518407264,329.4751807132877,1.6017845782224487,1
236.44266868386538,400.3325665795782,1.90612162884549,2
421.2587306063005,831.8240601635159,6.723548166148098,3
233.96177717037503,323.4428254089149,18.615448212827204,4
230.00866276532466,328.95252984357643,0.6501486004256618,0
200.72581237831375,328.95252984357643,7.47142855995918,1
238.535691943342,428.82932358231415,2.224101729154544,2
441.84173399544215,839.1441684589386,6.175472035152295,3
235.1010957284777,299.9975161646968,21.169490049184606,4
230.00715342186152,329.08804048636216,0.6511945447560443,0
217.88780413983227,329.08804048636216,6.806318406765158,1
253.70002030972924,490.7598329284311,3.576327892068361,2
498.78756034154367,914.9821679937439,5.6396860849443256,3
234.76791775908825,293.42018419408043,20.461985492373806,4
229.99935664696616,329.847743720267,0.6421950345641421,0
214.2733863393871,329.847743720267,6.251451508091946,1
260.0783480209334,511.4726285176559,3.4952146560208868,2
523.2664275641603,880.7351384930499,5.911060857427761,3
231.5649239299462,342.1900616873448,11.705473445831691,4
230.00235898525904,329.05868943638984,0.6484984203928541,0
196.34592325405433,329.05868943638984,7.879951494409456,1
237.6977590742694,398.520307271264,1.8789388256872015,2
533.1328512817673,875.1281288500035,4.3862857006158915,3
232.04661533524802,328.0758032305525,13.378254951120663,4
229.99916818521868,329.68387325175684,0.6481401774526253,0
223.6055326783168,329.68387325175684,1.2157568377631118,1
244.65522453975282,479.11016317968057,3.4820329962728547,2
532.4886531401013,846.5885003579357,4.756757494080265,3
232.62779942564822,340.91716712142704,15.176083228642023,4
229.98291926711272,329.23092291162834,0.6467440218106417,0
204.90628496320338,329.23092291162834,4.58612094028371,1
275.5019511687975,519.1408079393209,3.326706401796205,2
449.8907039214529,802.9159027973343,5.634597920187258,3
231.78592096008245,347.1067016357781,12.563198351645259,4
230.01681320367348,329.3754165167377,0.6473563081692912,0
217.3125024373104,329.3754165167377,1.838989956748877,1
267.6442439190259,556.2610375919255,3.383919258473496,2
391.1147843214992,732.1642514109196,4.708046764341059,3
232.87305210270696,328.272725984181,15.821569681798906,4
229.99780757996325,329.3485977756442,0.6446623451858672,0
222.15915963083475,329.3485977756442,2.495412738845649,1
264.0128597071485,561.6924902910878,5.173180183560544,2
494.983500057289,856.5848590010706,4.698162749674802,3
232.9949373382299,332.9330386992672,16.209477945349697,4
229.96860417235163,329.3975300604306,0.6471351719382697,0
216.7410029720831,329.3975300604306,6.587912667972285,1
286.70370843247935,575.0035077251717,3.9177424024952017,2
509.79928026037516,799.1618293364638,3.9482440012066196,3
232.60624405994017,319.21718530830003,15.203136678452223,4
229.97777820867697,329.94066755463683,0.6488156144297181,0
208.78247369405238,329.94066755463683,3.623370979435403,1
275.89592721132095,538.6726825903964,3.8877276385901722,2
555.4117160167943,901.5265041964706,4.660758944099878,3
232.19404845405924,343.9421319801206,13.931822393479914,4
229.99859989186785,330.69889921074355,0.6406850809307613,0
219.4737171609897,330.69889921074355,4.699943921165337,1
242.9213158514334,422.4618837984438,2.357441778047314,2
410.82033964364734,780.7502234044172,6.238373293435809,3
232.01943501963052,319.68406704577814,13.300964981605452,4
230.00512412873994,329.6541102460469,0.653750105113259,0
212.7331737017889,329.6541102460469,6.762935791935272,1
235.0892633305123,361.02340291176176,0.9938589496823241,2
488.58040293754226,777.8096187435999,4.708144128766381,3
234.11911448900364,324.5827740472557,19.00980238699872,4
229.99695707411232,329.524078003237,0.6572625107420763,0
217.7444251531775,329.524078003237,2.9228288138238416,1
274.69621346818775,512.890813237158,2.972527198412845,2
503.0581959401253,864.8478176283444,6.005944349886942,3
232.0522235333824,327.330102884192,13.41490032620632,4
229.99999743476428,328.3570111067784,0.644589131527166,0
221.28886594662774,328.3570111067784,1.9255373156821902,1
247.29338607742622,448.69917242297373,2.4679578115112535,2
593.2996817481478,953.8890270035354,4.857885938978913,3
231.93010076574993,310.85719452128365,12.998532725319345,4
230.0246372930157,330.0370556754063,0.6546429160507035,0
204.12591356858718,329.1447079460632,4.300588606260874,1
254.62304996753844,490.2949202451938,3.3818049192541313,2
405.7800803283582,771.2151814904006,4.845521475234176,3
234.98378156673482,312.50228372372777,20.887296944883072,4
230.00518713921736,329.3608711096792,0.6503434748769712,0
214.80709891275131,329.3608711096792,6.857745238831228,1
242.01550899241334,440.3454284182433,2.876801758284531,2
421.50615891752534,670.6409905340132,3.8221242864914684,3
234.9552935480968,289.3491621305088,20.86882117059603,4
229.9895627856652,329.0659463460319,0.643158658203557,0
213.2362889771312,329.0659463460319,7.85070756553909,1
240.5114616326418,430.7008185279126,2.0701780846618565,2
535.0591989454236,898.9253407573651,4.716775623873411,3
232.11610474848678,350.79565981057465,13.645564454107156,4
229.98593700581623,329.8238952307884,0.6522439789023234,0
224.38893676022278,329.8238952307884,1.12880863867447,1
252.21138521518546,486.2149033857779,3.9305726076043346,2
457.28501986532353,762.1753342664153,4.523715158815623,3
233.12038088134497,301.0912592065582,16.57925472696563,4
230.019601977553,329.68541543114543,0.6397823485082169,0
219.64669770741276,329.68541543114543,1.3852282920687216,1
234.8202109864805,384.35474417218273,1.472297083927575,2
387.8497248806754,763.0112775393573,6.027789606315452,3
232.30565743193324,309.9269205934038,14.14835145766168,4
230.02644142072987,329.915101181951,0.6495001391921287,0
216.0853064348136,329.915101181951,2.0512872274701683,1
242.82704749184057,402.5680364841006,1.4856521442380244,2
542.8730170409124,925.2448921874966,6.4280128423020315,3
235.22610145213278,317.1881118280918,21.39260258608839,4
230.040661284209,329.8834783742296,0.6494783982189495,0
212.30171150646643,329.8834783742296,8.391078048932451,1
254.10409216681984,539.552286572648,3.9794026626049557,2
605.0548733613439,971.6031293299499,5.541040937236181,3
234.86018790258305,307.09999899299225,20.587481933765705,4
229.98628671685532,329.7116471442387,0.6594775530326766,0
201.98797868181907,329.2469069394078,4.854806634853558,1
240.48052419688509,385.9363369820548,1.3785491067326425,2
419.8412429692354,714.5572549906625,4.257532930090846,3
231.19789740776187,335.15534497062873,10.29955459267827,4
230.01612376424654,329.13810810546477,0.6383617045601817,0
224.3989479161089,328.82638667769504,1.058164200867464,1
237.32831455258534,386.18799526749586,1.5831079568859683,2
422.6695385051598,710.2152661334464,4.097407846980254,3
232.23798029817587,318.06878301392265,13.947758422797335,4
230.02043105442002,329.7489631186872,0.6445667278883892,0
211.6077567415862,329.7489631186872,6.859831814169598,1
249.01307934263565,426.0145691600871,2.3448621141383037,2
478.5771383000118,830.6405241013068,5.172276104962363,3
235.00662358198136,314.64198222171285,20.944600667756106,4
230.03112324949188,329.69530992000983,0.6498642656975904,0
210.3338302226047,329.69530992000983,5.195941736424216,1
255.53478817039425,560.5324795613118,5.143221936674346,2
395.3949073620198,687.875063848895,4.613988630694407,3
231.01716540953828,324.0677423435066,9.291982456919271,4
230.00307979295394,329.3467951213255,0.6414125886300733,0
206.76031576530906,329.3467951213255,3.9830995050476763,1
248.68766219909062,430.6942736833299,2.3797160903270838,2
417.533158685522,819.2280148146341,5.465105028190004,3
234.27777328021065,289.4550910766932,19.380110098435274,4
230.0255059153342,330.74941299606854,0.651986434138701,0
220.65205549506746,330.74941299606854,3.186349015611123,1
254.71007923289713,438.88777468274714,2.7333277238761164,2
491.1567941858619,886.0567287283583,5.6583703554640605,3
233.37233207341032,323.53038469350173,17.133322747034423,4
230.01245634467207,328.622044491077,0.6510272078423764,0
221.38931239902354,328.622044491077,2.886978841530107,1
235.3676142061995,365.9925425586368,1.0521529221741854,2
548.4989560555251,911.1276680046667,4.616966312266496,3
231.64036678585268,343.70032907019214,11.936523224230056,4
229.99899909381577,328.9261550050687,0.6476001597216874,0
216.01669116644294,328.9261550050687,6.2571282267010915,1
253.43783341342188,486.1893401627025,2.763484083391956,2
460.1254318059936,731.836475458798,3.919410403901929,3
232.82187721625772,354.90961248718907,15.729112260153883,4
230.0225986589993,329.709272876777,0.6566179864279124,0
223.8776194832738,329.709272876777,2.167594649813252,1
261.86371178636875,530.7378456735831,4.641461871986542,2
477.69064696110024,763.4227890900663,4.386242355222298,3
235.22472387875203,318.14788251689856,21.39813199639418,4
230.0110251329007,329.26225187925695,0.6492661802811015,0
196.98464821164401,329.26225187925695,8.70250696536384,1
242.00107268601863,390.1083504981677,1.5316036338003114,2
466.98700282258346,753.3188901395689,5.003358200376059,3
234.51100135726298,334.5155344047051,19.888427214645503,4
230.01712387579764,329.2915873021299,0.645316408782905,0
199.6289779517751,329.2915873021299,7.639656348168454,1
277.45068547745615,584.383949768615,4.577998642149357,2
522.3966428524188,868.5563705402678,5.677468465025152,3
232.40744643393745,326.3258593861253,14.468718313799474,4
229.99745924614862,329.6546646942928,0.6443018503169153,0
194.29641662474148,329.6546646942928,7.198427025392898,1
288.1093922530739,589.5975526507904,5.1940848479329995,2
430.02094518577786,792.8815166337826,5.720510535659468,3
235.86343625220078,313.06463447493775,22.73834196856204,4
230.00792853513647,328.946329390283,0.6502043033116625,0
204.03433578005848,328.946329390283,6.808081054224342,1
278.29842335355625,557.1482508197771,5.455290995339726,2
406.7291638101322,818.3678318442953,5.664111933337336,3
232.81121913485777,336.4798233480369,15.674012741367882,4
230.03243885543571,329.23084470149143,0.6477441324955596,0
227.29070852810895,328.7947044266284,1.0217712847953344,1
238.43612748287745,423.36237454380273,2.5586582322232356,2
375.58312533149007,661.7180810853354,5.091450364972653,3
236.19546259425772,314.4936260427587,23.31223443562208,4
230.01392474339968,329.46242725398946,0.6459987456151864,0
215.72103825665894,329.46242725398946,5.455355230118503,1
249.1313752582133,429.40788812942657,2.2638239194111947,2
445.67958555689546,711.6095699300994,3.9061543912926386,3
234.2769840077269,332.2666487225758,19.353204870435064,4
230.025849087851,329.4317960074347,0.6474933529807442,0
204.6042752510809,329.4317960074347,4.394299651553378,1
262.79483912301265,518.7196580692938,4.321825450719327,2
511.49252941350113,920.0293056890137,5.119069628151538,3
233.6978047989022,318.3833788180849,17.951205282478373,4
229.99603615279855,329.56069422062706,0.6458367381043172,0
214.858135722105,328.9502942955806,1.9156516963821102,1
276.4569670125597,547.2353618658093,3.4781974416281827,2
408.13833955972297,798.0984147243894,5.886689024004319,3
231.06726459038805,324.3644206687411,9.684517990049,4
230.0157817776768,329.56252943173484,0.6453072144881572,0
218.00238381965073,329.56252943173484,4.5372748989414555,1
243.20115774901979,409.5869767102956,1.901824285461642,2
462.46717260424424,930.0720560524622,7.781449495608678,3
234.81530749053488,281.7042011680329,20.54530461933799,4
230.02871711087317,330.07764933375165,0.6502989096393904,0
210.24089229436007,330.07764933375165,4.767653264017009,1
247.76223730918082,479.8073588638327,3.537438423983679,2
521.3952549518375,965.0367165075245,6.906877147727765,3
232.8527907294435,303.3394064490798,15.731550984671197,4
230.021038205872,330.1027647718766,0.6384441819883364,0
203.55332853681082,330.1027647718766,9.100279244631333,1
276.8298844347999,590.2720868726666,5.8955551609656816,2
428.2859933090739,825.2336245542242,5.284120601714037,3
234.30532791121533,288.6357669850694,19.401163688163127,4
230.01214139765224,329.4791144394716,0.6471859172705277,0
221.2240384584658,329.4607338523476,3.042861955384799,1
237.82394494011848,421.8996405326069,2.1390119521800943,2
357.49119179898935,701.8920469118934,4.380558439293349,3
233.54525196014566,303.21576710865105,17.606879824769656,4
230.00300345904444,329.8929091577642,0.6460175287051105,0
211.30038400127887,328.7428752172492,4.104622306843363,1
244.4997054165666,393.9969536500614,1.4804529835253875,2
423.6978249651609,826.102071192152,5.75641980044049,3
234.51273782050424,292.8586889929567,19.910403790170577,4
229.99248785571402,330.7295583917172,0.6468253774499918,0
222.76678068232744,330.7295583917172,2.440777000260756,1
253.43253824223297,435.7066866847832,2.2678811954494256,2
456.91267179265725,727.7790511183581,4.846786984151889,3
230.99464503854097,337.78740647131076,9.367971438157241,4
229.98939806599657,329.199022269641,0.6481343834162075,0
206.06503101522412,329.199022269641,3.5701912851859765,1
241.5412997437346,382.826680013292,1.3788318862902982,2
494.9466532844006,923.6336337377093,6.582174403850807,3
233.27210824222507,330.97882998898996,16.968670983183248,4
230.00408011788335,329.00957932987535,0.6445113244600682,0
205.1131899404971,329.00957932987535,6.878685182136908,1
240.50139317157902,432.1502790991994,2.532049113527469,2
399.32015274748505,762.6788962745173,4.965495989841813,3
231.98518272844657,340.7131521607004,13.169331773313814,4
229.97892047538068,329.8238540621899,0.6462614695191147,0
201.97217251646487,329.8238540621899,4.3650519590024555,1
280.44275729500913,566.7332820347141,4.170832232350813,2
573.5684668484223,909.5311567522397,4.730321607670995,3
231.21531785925163,329.7686353608288,10.403553383780533,4
229.99544387028928,329.4253597780404,0.6463307084702309,0
220.42985065893302,329.4253597780404,1.5004734158378978,1
257.68235507306304,449.7137525101791,2.5763419236455682,2
374.18673254171443,724.0713383325151,5.651387609319237,3
234.72249469809944,330.3120792047782,20.38910222701632,4
230.0027434348793,330.14723743091946,0.653098948303252,0
211.92266436061144,330.14723743091946,4.68201418513946,1
255.63592513127517,580.1977056533141,4.576279850888219,2
538.0463091424328,902.7928242161436,5.0031162228607835,3
231.59487158587083,318.2576099788456,11.804913110748506,4
229.9839219435753,328.7974255512134,0.6439339841194882,0
203.0104916694946,328.68210678834595,5.960700869989647,1
264.3799387426219,546.8275009336926,4.012226187131293,2
555.6325635424555,881.7824945519669,5.083699815777699,3
234.85535517767556,323.312970382127,20.701490948691912,4
229.98774531240224,328.32544970584553,0.646916887354506,0
200.32148734806063,328.32544970584553,5.494118763554907,1
233.87650175310222,366.7140229742591,1.1522700062460818,2
510.1830623331379,853.9312037666431,4.80346710080795,3
231.25388043467956,314.47586238085523,10.52762106045904,4
229.99446684387513,329.8477769949769,0.653666557863983,0
204.0369355913524,329.8477769949769,5.542015422954286,1
268.957145226828,553.9193223025336,3.488474193295617,2
486.9249636048891,857.3620418539691,6.069861600999073,3
231.8373681817959,339.7725206424703,12.701669988892494,4
230.03060277766843,329.1951838524663,0.6433585442915433,0
217.9682702340532,329.1951838524663,3.3702359062299134,1
243.18928468438992,439.8566857313954,2.5056902236648635,2
456.01246024209524,855.002770240706,5.061172148104026,3
233.10776622334075,344.14458409108283,16.42432654252754,4
230.0153646615126,328.52214050095364,0.648807136858755,0
221.2034457465295,328.52214050095364,3.5215813861648124,1
244.11018655183852,422.6090754432792,1.6280941910154545,2
367.8721157622333,688.783512950231,5.225057741654492,3
232.42901552986564,306.44096382845896,14.539592277379226,4
230.02114422530659,329.30519622092464,0.6487869003608661,0
217.32191869780158,329.00669356341257,2.2141118419920955,1
256.4276921179117,444.1550793222923,2.1506951042521014,2
555.8435036496335,970.8824533827973,6.547114807032596,3
234.74056552448081,328.7660859619465,20.371425337831532,4
229.99521761947835,329.42582295648,0.6415438716458687,0
205.6586277517688,329.42582295648,8.791144371647526,1
246.60603235479581,406.66866496378407,1.4133268938157504,2
463.5848768143047,755.8266254047976,4.667512051140829,3
232.26048747440208,303.61331795744763,14.084528731945657,4
230.01625814778248,329.14659776291927,0.650523700680873,0
214.5468308169815,329.14659776291927,2.947967282702001,1
256.55120556181845,580.0265637465757,5.5006618289270035,2
454.2369133873852,881.3426028922358,5.5013292956377615,3
233.78828497664517,309.2920351445223,18.196310597737835,4
230.00919475749544,328.93928066954385,0.6539520061431893,0
217.60181473950348,328.93928066954385,5.247624198890667,1
263.31773349532335,508.8943317216928,4.301316786163055,2
385.7614318213153,702.6305079474091,4.883658291872119,3
233.51337675702376,291.15457309178265,17.53457437345268,4
229.97987533389283,328.8082687428166,0.6551417960720517,0
195.6616000949589,328.5413290363676,8.62041873277292,1
245.9372943304665,409.2891385420256,2.084420896754375,2
492.2336967321047,877.7031229296741,6.347854057389705,3
231.9213684601017,313.2350057882175,13.038002607287167,4
229.99765599774594,329.36596260267106,0.6467481628798554,0
209.61057095909595,329.36596260267106,5.076879874874148,1
255.47341265386785,464.9712100809343,3.5389497869270397,2
451.08174617598564,734.0755168298364,4.090274030495284,3
233.81997344186502,333.1559809213834,18.318656425590028,4
230.0110129661751,329.54738338366457,0.6561798195368512,0
217.2929940110622,329.54738338366457,1.8473684435516131,1
269.44037773320315,590.7524600608039,5.191109976126704,2
434.47681292068387,819.6424529205216,6.410145452982414,3
233.09274625832128,334.1096766932939,16.437804576821645,4
229.95530594433836,328.8469744410924,0.6481389869829226,0
206.26637840129553,328.8469744410924,7.717683280199385,1
259.5763150408038,476.11399545015786,3.195619179352599,2
421.0206528838209,672.5827444796873,4.506977199152722,3
233.73923073492415,310.0801783885177,18.227528622936084,4
230.00730796995379,329.73376052101315,0.6490148278788987,0
217.01358053439668,329.73376052101315,4.822054958753644,1
244.37479032996643,414.5390898010931,2.087500451151228,2
377.47426957163384,690.0811156702179,4.739980211233735,3
233.2380108772413,330.39911589849135,16.832348567377185,4
230.00246627849054,329.41873965635034,0.6464605009007385,0
223.39406841021128,329.41873965635034,1.2204310317443976,1
251.7639135246147,454.4812311933537,2.993410411678542,2
525.7647263731212,946.2879315633623,5.436125665650163,3
235.6697409671394,304.4973326727248,22.345280074048222,4
230.01419631522313,329.37114483659514,0.6429507159490258,0
215.34780025176985,329.36247806660367,2.533101037194034,1
250.81614034197153,427.78862557147806,2.1730449732022437,2
534.0208534328059,846.2664093479145,5.412568256694977,3
232.56359021984272,303.7819207653073,14.94402635787069,4
229.9855531127538,329.5638632637076,0.6475592621761457,0
217.86032011641862,329.5638632637076,3.4996239945539354,1
274.0404360693451,558.4782821115729,5.466818837172857,2
431.1878342918104,809.153117727286,4.949077843983017,3
231.03371946174812,325.41700409566266,9.580268941268752,4
230.0141952749083,329.5054652900595,0.6444611114432353,0
209.47190862982194,329.23903206118507,8.260553272188572,1
281.06262136651435,546.8047144841527,4.225246551030604,2
565.9934918623071,956.1867474071987,5.0173224335829305,3
233.0786200405135,315.09278267338647,16.390754079369202,4
230.00249851637747,329.5715581158772,0.6514963829205266,0
221.6220893802552,329.5715581158772,2.649821358082358,1
257.269272452221,495.08978381097444,2.9883183785077616,2
578.7082497287178,930.4251279429237,4.694681191425733,3
232.35688662478077,319.05823387115396,14.359953783895898,4
230.0185195680121,329.3414202572228,0.6506262321401186,0
215.8156990452285,329.3414202572228,3.0431147281097255,1
247.6214891748852,436.7656333571535,2.522193302847574,2
405.3355920145444,784.1899850829562,5.869132405514832,3
232.35141245602154,351.1550501160718,14.293517130870164,4
229.99274835236855,329.9743262054846,0.6450157262203925,0
222.3859752211672,329.9743262054846,1.6171636916709582,1
275.7643058165534,584.9667731020114,4.972096364971794,2
440.89231869294497,817.8917041743445,4.892229120016153,3
234.59324216584827,333.6900702931425,20.111930922583312,4
230.01313829501686,329.5528335721089,0.6471251843431337,0
199.70554711391975,329.5528335721089,5.90613163357555,1
257.6760943493637,564.7033380233248,5.933825723169632,2
506.9034128709557,894.1554276846902,6.231126360025862,3
233.78812401403607,330.4322688694096,18.20349408639909,4
230.0177129065114,329.1837024532821,0.649995489910507,0
197.56815659697654,329.1837024532821,8.252018209332608,1
259.92111797688466,523.7333870336619,4.640379704974511,2
370.18895947077027,663.9405213833388,4.718013239840878,3
233.9878741248635,302.84716414840034,18.671405054566705,4
229.98957650378034,329.48226833909774,0.6518927525688081,0
212.61578381053778,329.48226833909774,3.3055893881620504,1
239.582126465708,411.41089264479496,1.9839081959170841,2
394.1054380656483,787.556616642313,5.288982696838826,3
235.53541390072382,312.20091512144086,22.102695272897314,4
229.9751496265959,329.588287694713,0.6495753165911397,0
210.72304984542396,329.588287694713,4.251946222768597,1
262.3144606109573,576.1047054010763,5.561562486729507,2
416.1548814319727,751.9012523239886,5.283949676646544,3
232.94699062588802,330.54857934160935,16.14161712888822,4
230.01819718447592,329.1394347875771,0.6472535910228087,0
218.067880145994,328.9010347732191,2.4257959802105256,1
245.608074813532,493.53603570315556,4.3400037665589455,2
566.5236548318335,985.8681098055037,6.774301341216173,3
233.5412509531348,298.81157054739435,17.58141629018416,4
230.02884839041997,329.25802612342096,0.6437984344179375,0
221.30053020261914,329.25802612342096,1.5194023753430392,1
233.83980462243804,372.4744926917719,1.2685516904563707,2
541.4863610741461,967.5929224846992,6.735146604292476,3
234.63971904965874,295.84415266641923,20.133166433646178,4
230.00450473026362,329.0117287590095,0.6469029817279165,0
217.40593511313537,329.0117287590095,3.462670382358562,1
235.5448150930762,382.07405163986044,1.5249397118521706,2
531.4768977422611,857.0520685303695,4.501162950825774,3
232.1207466263127,337.3530817130285,13.612138310659052,4
229.98438390325424,330.0193838754014,0.6468117470586956,0
216.72087995241571,330.0193838754014,2.8157861163756825,1
278.5966326003039,534.8138054198082,4.155750226452583,2
404.58762101952846,740.5776692163856,5.105797592398654,3
234.9744766797783,323.41281282292755,20.95460078354707,4
230.01608766157406,329.02646941476036,0.6527833393977969,0
224.42983402154746,329.02646941476036,1.0658497253239074,1
263.902021300826,530.4479811433664,4.396266628609459,2
569.9598251255068,965.9045784135001,6.50695939303855,3
236.30933715287725,309.2549043337859,23.561337455040068,4
229.9985246965957,329.4549864156236,0.6512026568480801,0
216.67566367499296,329.4121742404572,4.364098636642706,1
259.81496982637896,496.9724224832319,3.840265521178958,2
543.4162087710583,986.3185090115484,7.127248646057207,3
235.3539140231844,293.7423048662762,21.71531648276715,4
230.02683100484825,330.12944990448864,0.6549604910608278,0
217.3113596195472,330.12944990448864,2.3026691219504007,1
256.55055299960515,513.1128172352564,3.5197486818096433,2
373.57946358042824,662.2632124428357,4.741288440828558,3
233.70874300597933,304.49602647921256,17.97592713988434,4
230.00153793112872,329.7998122310224,0.6534755922091201,0
222.56640683510756,329.39330679965616,1.129183346545701,1
248.71135004983694,482.64040261969814,4.079437550389126,2
475.7965184970215,772.9132083667694,3.9318870965176314,3
235.40039804768003,304.87373190837934,21.804137069528604,4
230.03079901616704,329.6384817300992,0.6411595101619141,0
206.56434101790842,329.6384817300992,7.340708509451107,1
237.26302477794394,365.46336186991056,0.9746463903965453,2
501.2213174713122,966.3270699297927,5.684593778922557,3
234.4085083425549,317.94851315640176,19.61296186165993,4
229.97710781980658,330.02076443633587,0.6478926819168804,0
218.38057981353822,330.02076443633587,5.17458435941648,1
248.6530003426887,461.443845052286,3.4109036546595926,2
382.81301237639497,757.303424869952,6.395302260121778,3
231.92310898373447,315.3292653254306,13.052867482663686,4
230.00828858092277,331.0788721840788,0.6485370963295928,0
219.17897240990487,331.0788721840788,5.261281552466042,1
247.34706016788684,466.377683037803,3.2435891766603797,2
563.6846956189455,970.5567154297084,5.898291481836948,3
233.03545049105318,347.947564044721,16.290673060304865,4
229.98435851895823,329.85873522735227,0.6419825710491045,0
197.74334317209644,329.85873522735227,6.4544317797602275,1
249.45809051975078,427.82769974553213,2.2980890771560096,2
461.3950180811022,933.8938436201641,7.257125893028054,3
232.1137404647424,351.87545285791936,13.654794305062854,4
229.99792850606374,330.4645407250769,0.6496126788386991,0
221.1098269014814,330.4645407250769,4.2080905074367685,1
235.34067073660236,388.99934010989807,1.2665341722225092,2
569.3731284308095,923.0399257038872,4.97195087409583,3
235.38311972524127,297.1655036900925,21.776273587848834,4
230.00449090361627,329.78287468096045,0.6419795436133848,0
218.21019518527046,329.78287468096045,2.0656232499130045,1
247.04026099895268,442.36538159170004,1.9866363572745405,2
410.2278772214857,716.5670938745518,5.239363565341506,3
231.6913437872409,333.7848970470496,12.150561446595292,4
230.00888109774993,330.56349564433305,0.6428813763567678,0
204.2726183017925,330.56349564433305,9.194103245744897,1
249.96729974387728,480.47863932921,3.871557172918047,2
415.2886946048775,683.4929835188543,3.5801194631512114,3
235.65050658173715,304.112812082708,22.29366495359558,4
229.9918660498906,328.8437433856507,0.6464700985339925,0
223.28120519228503,328.449766927239,1.078098388474672,1
239.43277084866568,421.86555354884115,1.9558199130307041,2
478.32645897844526,788.5384652982731,3.9816481490359554,3
234.31129082252662,294.5732324429722,19.482724919448966,4
230.01177501265514,329.96754584245946,0.6500973708417974,0
199.82355175787959,329.25967744437327,6.5743321619257085,1
246.83637211976625,430.49542731905393,2.0051830015802237,2
415.4257594400792,698.3997119057453,3.989197794920696,3
235.09003690270544,317.00003040452117,21.13957421831038,4
229.9950484535001,328.76143110695637,0.647263800326686,0
197.3456555673651,328.76143110695637,7.98141152505273,1
240.57096555314453,394.96276322859893,1.6025207685614682,2
480.848349683215,771.2124423901494,4.822718117431021,3
231.7005284921052,312.42027811273266,12.21805756085801,4
229.98671879488379,329.18214619317706,0.6530822960777684,0
217.619340900387,329.18214619317706,4.9550978919735424,1
271.0401610417741,502.6742577573239,3.165757106897349,2
375.1945272553406,729.2642821860517,5.92320569583782,3
230.58879764818377,329.53455619044183,7.270145655186775,4
230.03329255707726,329.78091094253637,0.6454151031525881,0
206.82972236494825,329.78091094253637,5.567515867269302,1
291.8258945141679,590.9064315957971,5.414386683622669,2
469.4371885230909,809.4527923389611,4.686105536696996,3
230.89024271284288,324.17730395980567,8.664012450544249,4
230.0090537082706,329.5513885160003,0.6472102085138566,0
217.8555385823911,329.5513885160003,1.9071896346382962,1
261.0942112141344,460.76472826838364,2.8231534404143126,2
492.6939764203529,851.1288788059748,4.9737611238014265,3
236.28844249535803,313.462504478432,23.535247866148048,4
230.00138241241564,330.4159446292025,0.6523814774119163,0
216.8967536779189,330.4159446292025,3.459459909868438,1
246.94333408951505,417.18153888638057,2.1014162603176607,2
455.1139751293773,776.8610035240138,5.604807749516052,3
232.3999477408497,351.02324963991146,14.4945442084704,4
229.99863971483103,328.7512708749235,0.6458911636033492,0
220.14757216548813,328.7512708749235,2.5470259980841,1
250.25112048529226,429.568604697875,2.6573687823588577,2
559.5006894529167,894.9178343694346,5.85023414128789,3
234.1760876567048,307.9088637849337,19.15698583432673,4
229.99880805532223,329.3566657046871,0.6451696043044945,0
211.34964901465585,329.3566657046871,6.885237770239945,1
257.7496432724594,548.0474471551433,4.805902559042908,2
576.7794813206501,986.8694261726089,6.5920681575302424,3
232.62664663430292,306.7236038394343,15.173669038715806,4
230.00697211845724,329.20988557513465,0.6421194863914289,0
201.09740539131715,329.20988557513465,5.311197472574891,1
239.67081117760762,399.64328042998835,1.6682004204398995,2
373.29989431249174,661.9598963541389,4.933576102632614,3
234.26015546438308,333.59700465196465,19.330756213730705,4
229.99849618754763,329.71701948954666,0.6446849047445444,0
216.3901582445687,329.71701948954666,2.3545299508826405,1
243.7308400915622,442.50713259951004,2.3580631900171416,2
518.4645831720993,849.5503236960984,5.490784169381929,3
232.5314867698137,334.6041413552174,14.896284601600366,4
229.99834873026927,329.19638449407466,0.647580734671034,0
212.88350353204237,329.19638449407466,4.86334225445656,1
258.9267945231396,542.5929442993229,4.859200360576582,2
411.0166794726261,700.626215751602,4.618628878594187,3
232.90077342932128,347.732645886163,15.950209025315498,4
230.01050689579574,329.07550055264056,0.6452321881433907,0
211.87231522664874,329.07550055264056,4.5272508925687465,1
261.99219980824586,479.09491487800983,3.4727960888275704,2
442.355864805442,688.162197093616,3.370930549552989,3
235.86602329420836,310.1622204372468,22.717195841687037,4
229.99567301242394,330.159292031893,0.659582331822225,0
219.20615205654576,330.159292031893,5.8674219946346575,1
252.5620570652401,489.0467347150547,3.095550268730327,2
445.7562149310197,751.1660403200561,4.202686843376359,3
231.22869846205043,325.16636976693883,10.389841834251765,4
230.0065491241478,329.3814385187026,0.6454662300724348,0
215.18641668015846,329.3814385187026,3.182110637873243,1
268.8017317670579,520.3361567537743,4.725392818356404,2
471.45360270924147,762.9167273856426,5.063971384092344,3
233.11958710545164,313.7084438356082,16.52123540213914,4
229.99204534331147,329.3487937265648,0.6461062604732026,0
212.060922577017,329.30888248481017,7.57752396795434,1
254.3096335143032,468.71351431145695,3.1940248100657835,2
420.90691688321726,659.6395655895519,3.568375098479811,3
235.7142786722162,315.0055885189284,22.455103398674854,4
230.00066978133682,330.36309662367836,0.6521040754191939,0
208.39387864622503,330.36309662367836,4.501785088861405,1
236.8783233433619,364.7576065668852,1.0081443279950257,2
528.2035115718668,856.0869557330803,5.431502656958567,3
235.94525111025126,316.0873079281024,22.892061577780193,4
230.00801735388282,329.82992621783035,0.6403222554345457,0
226.9635914676362,329.82992621783035,1.1646815638301657,1
246.55855179373734,426.1177647531869,2.41136791903851,2
490.2083411585682,879.4837390170861,5.258823869299083,3
232.6290192803416,355.522313145026,15.15332721182539,4
230.013643920058,329.00836544249194,0.6432082444210933,0
210.59118973221115,329.00836544249194,3.3850148416360804,1
261.76447242684657,510.6974027739181,3.5647418296509845,2
404.6172680163203,738.7006768272282,5.527045790255452,3
232.71255410980314,344.1726229525504,15.37772130658133,4
229.9798222450247,330.6203746436805,0.6553731653593832,0
210.28133692426115,330.6203746436805,3.087594960645995,1
249.97168843603657,430.70380932450536,2.506990635678597,2
352.8777012150169,668.0701854275484,4.873397903288751,3
232.6594599396127,312.135505102595,15.324154526883843,4
229.99940135616583,329.2331059059207,0.6419699859619827,0
211.20710865383444,329.2331059059207,6.387573088162743,1
266.2904848513433,588.5045163010111,5.544419338858824,2
482.08964244136365,786.896373726408,4.019746035559697,3
231.53441916157942,330.85337976045247,11.590654908154601,4
230.01440535158005,329.829901884503,0.6497640044845692,0
200.86586622458495,329.829901884503,4.96874329679929,1
256.51719259810886,496.0754278233957,3.074627731136395,2
404.96556834175726,727.7016188963335,4.365563385337694,3
232.0205979832838,350.2617254771577,13.252585725450258,4
230.01215308142085,329.71524957607807,0.6485473568391081,0
212.08453046995632,329.71524957607807,3.924695047964634,1
266.1445906985889,511.69017391456396,3.4369338699491228,2
578.0498655916211,948.6048723495039,5.131329625489024,3
233.3518135006108,300.8493020686522,17.11523148657868,4
229.9872016706409,328.896754536713,0.6472947451990575,0
214.1995043963807,328.896754536713,5.062251278185991,1
260.63405033246636,466.09363935952206,2.405507377780359,2
385.91205578676164,700.2310139556303,5.0990924810024145,3
230.90644449256376,324.8235528991699,8.9733358934675,4
230.00630158753103,330.00976140036175,0.644431199773764,0
216.293843040385,330.00976140036175,3.452666674592517,1
279.712378222484,536.4440924125486,4.214056291738945,2
408.74331034233364,741.0259832905314,5.754431840184123,3
232.19180708784884,347.9803472679678,13.833471587746402,4
229.9925546344886,329.61738047805585,0.6548449630084273,0
202.15916434164214,329.61738047805585,6.915769882371818,1
245.09843636851355,402.92276826432544,1.7019258093272795,2
469.2860629291002,938.9059955483779,7.913487224679503,3
234.56818870790582,302.2620061514096,20.05737582351104,4
230.01037779453952,328.9652371228989,0.651845179775188,0
219.74384553714617,328.9652371228989,4.302437570044828,1
255.17517836250065,444.2710921864725,2.5303229235672733,2
384.1380092021895,692.2798694935358,4.292433625921181,3
231.99437872415837,313.1320976558221,13.179166151819913,4
229.97769013241344,330.16905979494766,0.6449665289009566,0
217.5254778219184,330.16905979494766,5.316471197367602,1
252.12516208259794,553.7013852049341,4.172240606034711,2
591.9238902046255,967.7347775246637,5.487123741093241,3
231.31834657257866,315.9355963468075,10.832860476425124,4
229.98848704071622,330.38621229445704,0.6462813592970982,0
217.84378060475615,330.38621229445704,2.5678169542524407,1
243.79263887888072,392.4398725476067,1.6817333375110863,2
439.88298361699935,903.7163712066805,5.767968577495575,3
234.9195961073855,287.0470591711392,20.828984612879406,4
230.0186478566786,330.0731086267387,0.6514824062473273,0
224.0473073293838,330.0731086267387,1.59598423825743,1
259.44336377753393,507.21569588185923,3.753043046295738,2
373.4521580718691,662.1819823413215,4.514893247676274,3
234.79380017437902,303.5806185567283,20.49266081136733,4
230.0088994577715,329.7397532069216,0.6509699605071133,0
216.28043323418356,329.34514012256307,2.194840406699698,1
264.36774768117465,582.5360494527171,5.006676684215707,2
397.0066654393057,696.7643088986673,4.785243579049762,3
232.7810219618095,350.68891524316814,15.586260531844287,4
230.00798318614875,329.7313601067804,0.6418145686684144,0
212.88581525526928,329.61151812822754,2.9972451690504176,1
254.45204850149858,473.7412156610832,2.616808119727867,2
438.1852819899793,782.5145522190783,5.748579007768308,3
232.04404742741602,314.5914338862965,13.350874685578326,4
229.99968485415638,329.7939480709464,0.6521977592884544,0
206.54562867062896,329.7939480709464,4.273760462789743,1
279.0589237694231,544.8012622710185,4.593435539189943,2
421.9456802492176,765.0430244429741,4.657250594131891,3
233.63255202534248,302.12578449474074,17.8559756709064,4
229.998847374287,329.35652452741755,0.6368057728576826,0
210.11129633956443,329.35652452741755,4.8571352058005575,1
266.1971846507085,577.4216652241538,5.229356560651186,2
457.15747148189183,713.9968518093453,4.376598429684792,3
230.99283107509422,330.7056928377751,9.328967938016481,4
230.0091842757052,328.85989679536846,0.6453832231084016,0
211.69231107922985,328.85989679536846,6.062541783089217,1
240.68935679590592,377.4900285337502,1.1500853749180422,2
464.27902733821276,890.388209054973,7.032922321033408,3
234.68057374109532,312.4665911935676,20.266971928522977,4
229.98652586034117,329.15401615525815,0.6521437252095021,0
207.11536617885537,328.85298047170164,4.692926773545172,1
245.28805121722948,506.53268433381874,4.574408730958192,2
431.3474321178286,696.593513519327,4.404242766607558,3
233.11209973319896,318.20676774044534,16.555631623495096,4
230.0137522353699,329.14914776608276,0.6487067071910758,0
225.56616698839204,329.14914776608276,1.837464611624695,1
247.5535573805069,467.2665386246242,3.1357118600819973,2
432.21866437638,864.1011419902884,6.274328196678258,3
232.11308880331143,347.63692008511345,13.557349804381946,4
229.97158889985656,329.60626945934393,0.6483353501968477,0
217.15913447009166,329.60626945934393,3.743487417793557,1
241.43831772545883,415.81786285517035,1.937210035039735,2
526.4912310571124,943.7496994897298,5.854783188059379,3
234.4674238363013,289.6388670072055,19.88088239516258,4
230.01881456434978,329.75765261772625,0.6458982041580705,0
211.67757982766014,329.75765261772625,6.392865122802517,1
254.17193830283725,468.54307028455383,3.083798269516125,2
491.795305443091,834.2975050874488,5.471999578795724,3
232.74678949234928,348.72859955217376,15.460581818284316,4
229.98857327186062,328.66654894786603,0.6505782722010512,0
198.00462321365205,328.66654894786603,5.550750192529347,1
266.3234243480286,514.3922575649809,4.006854155013128,2
525.0508874574268,969.0547062090701,7.147968360594891,3
231.1929861432276,322.2131585137022,10.268337308177793,4
230.00939523381572,329.78979530557206,0.6446826322465066,0
199.94757892344361,329.78979530557206,5.698335009350595,1
236.8801471418839,377.56339467932025,1.1726888861981914,2
515.5751009459702,858.2194747343163,5.480202137958081,3
235.46460291934255,314.9546349920122,21.918198677107164,4
229.98978866292603,329.62927497293606,0.6481012581432702,0
216.43751140781768,329.6245972355965,2.9846738326082134,1
262.2866242062624,527.5784600574602,4.075678914666348,2
588.0600580458356,981.8785133053265,6.069071651442498,3
235.60394192192442,318.2938450016784,22.239799270679413,4
230.00350283080147,330.52435187111826,0.6477055774750197,0
216.05715112913416,330.52435187111826,3.7644403482038973,1
247.32313876953242,405.48607498496966,1.5550390756614285,2
502.45076258552314,957.7800822737547,5.433433616316295,3
231.28775473209984,317.75672704547594,10.602283769538827,4
230.03184537050518,328.67862004714215,0.6432628623764586,0
213.29473005461867,328.67862004714215,2.8462939023366025,1
250.35290633679497,448.5981686571429,2.7244375953420787,2
510.6545480244931,841.8350438442212,5.455130836016811,3
232.1310181164732,341.71778584607165,13.55602071264625,4
230.01936882510594,328.82679242886064,0.6379160973048061,0
221.44917286610217,328.82679242886064,3.4287067313681807,1
253.09860377097007,458.2147931610494,3.313805414911379,2
452.6458306631156,735.657942103062,4.769409093812124,3
233.3441205511639,305.6508523866413,17.076084533626602,4
230.0105771352081,328.62305827512006,0.6459895762920848,0
199.5515111491119,328.62305827512006,7.021107846326029,1
252.53424679347827,567.8238898993945,5.545634127064154,2
452.3881774661501,861.7097811027802,6.577857984604642,3
231.22125562977723,334.7420864026528,10.294190648040704,4
229.99009841065035,329.3542803968794,0.6413500023880297,0
216.88279029709187,329.0262924560401,3.982826786196804,1
254.63640595046334,540.70975665589,4.5088357029984785,2
457.55506773500093,937.6186922170726,7.912209798814436,3
231.30420328268332,327.0249608611417,10.72461996383138,4
230.01370830876078,328.98356083453564,0.6509515429819053,0
214.49773865570023,328.9486860866225,2.8584328218799104,1
247.51395981573992,452.86961454892764,2.8112642556574396,2
360.49468541383123,668.4888145830402,5.405017621882005,3
230.9666799072066,331.02281190306104,9.135704817790561,4
230.00617166813873,328.95785857628647,0.6446463089921983,0
222.40766946787372,328.77073630974246,1.361478750550137,1
248.4428116154678,443.909230806503,2.550717167516938,2
393.7108569431938,757.1527679356514,6.291400884522693,3
233.40935941833447,341.5811243264492,17.278274151054507,4
230.0152803165546,329.39289888272083,0.6494610084168969,0
206.38483379626362,329.39289888272083,5.63034555727036,1
259.1583591371185,578.4168542046602,6.205210694448579,2
433.27936691990817,893.8765726820527,6.209295027231576,3
231.658141442482,327.88517973787594,11.991082157067355,4
229.9837466391995,328.9156176852221,0.6402877545411428,0
222.8601579882464,328.9156176852221,2.6131346574534913,1
250.05850059082317,439.861735038277,2.374206810004494,2
550.4361406240097,916.0793832863825,4.812060685065733,3
233.428645420883,347.6677547352685,17.38515808484495,4
229.9967725925986,329.653212666197,0.6531870868710978,0
217.54501543757388,329.653212666197,5.4073773004059955,1
241.33426424239596,448.58905845225553,2.6525682822543835,2
513.6747873041589,910.1644707962561,5.644172441120112,3
235.20984098945377,320.8722340009793,21.421963342225414,4
230.02067662396473,328.71020757289523,0.6399535402485539,0
195.97918959304104,328.71020757289523,7.455348353252468,1
263.5232015946442,537.2123408998709,4.241967126012286,2
478.4437884952852,758.1703626161034,4.059739938569317,3
231.4900772319451,339.3888146037953,11.33955070187405,4
230.02051551639596,329.3290198682073,0.6430723709125267,0
216.8848189702524,329.2260120822614,8.11804008601378,1
245.48495405538475,423.18036814243214,1.8467403239858828,2
477.7901135600119,754.6078672226372,4.039548936822696,3
232.21187559236006,314.9240252073916,13.851542023217108,4
230.01441254020497,329.9173223261237,0.6464627683096764,0
223.8036408664029,329.9173223261237,1.7392127895333602,1
254.4536341129841,493.39888294569226,4.074763426664136,2
531.2479052788501,874.1521537191154,4.365035711439296,3
232.6537188938472,303.8077440174645,15.206408230396606,4
229.99947032608574,329.1342261429938,0.6546794520217952,0
194.97147860750846,329.1342261429938,8.42230539930069,1
246.60181016384036,433.5736740485966,2.284950105639826,2
558.9853408958589,905.9459681476183,5.928912766559202,3
233.86084132971268,295.82634679424774,18.412875385229626,4
230.01948551713446,329.9694947167979,0.6559446562825166,0
218.59204536137167,329.9694947167979,4.183896720466248,1
248.323401336839,476.4529497858011,3.18420994752565,2
382.65545612892396,681.9687138292809,4.77199055530755,3
233.2476948614879,345.43722719074026,16.825644321171534,4
230.00581459598573,328.49082339884296,0.6409377974606081,0
214.83025468576082,328.49082339884296,7.434472259108796,1
241.23476620863434,418.4538736483573,1.6847066410188825,2
456.08827720527484,864.2744547178929,6.738977586731204,3
234.62272045419306,326.6730836736504,20.1473785284562,4
230.02137725380473,330.14649094046024,0.6482114976854164,0
224.80898692994475,329.6630492965706,1.7510235185387444,1
243.83479633758344,457.22732870584497,3.0289825897115734,2
490.35383591218454,934.2966922263353,7.01766466234804,3
234.04463308192896,339.2397185533827,18.796549188198007,4
229.9963567907035,329.65788208881526,0.647358935897665,0
215.43319344848726,329.65788208881526,7.923246701114499,1
239.39339827111712,374.5616983287688,1.1688593687941085,2
495.2057363176898,940.0593830624869,5.663678064247156,3
231.60030613726744,339.11091725570776,11.84851927700448,4
230.03651094145545,330.26682348356206,0.6393052343685623,0
222.48487695038634,330.26682348356206,2.9555382691798116,1
271.16722493403927,503.72604499851684,3.095570866298685,2
372.3668097763167,675.0229262434706,3.8862692145766036,3
235.56080461023475,310.3323449718482,22.05658811887078,4
229.9877910464431,329.3488294456527,0.6493192485709998,0
212.3299167378294,329.3488294456527,3.132392359841549,1
241.75331190649663,446.66619578313583,2.8977409384971056,2
553.7123209168906,906.2261428103484,4.5046274716014745,3
235.17428681135428,298.48518945788953,21.367034505055177,4
229.98472853800547,329.59358117802697,0.649292615774675,0
213.25469285817354,329.59358117802697,6.794994001097139,1
237.45358264198737,365.1202622497548,1.0731678680698398,2
481.2295556346631,804.6892432824712,5.014632253058639,3
234.01771580066054,324.7861109071996,18.82098698708893,4
230.00296508999756,328.91255990350714,0.658608641618477,0
221.46109093010705,328.91255990350714,1.5547096669101939,1
263.99480155249387,569.1972759290113,5.528732064766315,2
501.3212568428368,805.1088413219937,4.660918031653892,3
233.037521929641,329.51669070868314,16.31126056710676,4
230.04016187084846,329.4383706930289,0.6414489148842126,0
221.3731039682665,329.4383706930289,2.123356935024661,1
251.975025713601,480.45403371126145,3.480498917486019,2
403.2672793058602,789.9845546996237,6.688468442695182,3
231.1943705602685,319.49647345864173,10.050664338282822,4
230.02847678329894,329.72527062859695,0.6538388059461698,0
217.53193423596414,329.72527062859695,6.6602850001866205,1
253.71828700051222,561.009585564722,5.002948570989679,2
555.6616145617647,957.6170783059956,5.588033985705186,3
232.78907222801394,358.18719089508926,15.553144125329702,4
230.01444458403532,329.28455937092434,0.6538072908485828,0
219.96296166432126,329.28455937092434,1.3926789904232664,1
262.08194662655444,570.9066426106534,5.609729614413922,2
437.59705105583043,772.9879544237564,4.567585670202962,3
233.14931747127466,329.3499658410084,16.579425979287556,4
229.99195500486158,330.05732947989196,0.65181775185739,0
217.722740267968,330.05732947989196,2.1215426677107043,1
242.83849019928326,416.3342896997503,1.6756401820063667,2
542.8426332871945,948.7007815560182,6.487993604383377,3
231.486487463084,334.9590561651781,11.437509367095151,4
229.98166167243693,329.0080659020289,0.6553750461762298,0
212.11610446580718,329.0080659020289,8.96909133728652,1
253.39599750243832,444.6350234573439,2.897358178643845,2
469.3331253594356,945.152634858267,8.01568507058567,3
233.35571162454,330.72679256294646,17.205050414183862,4
230.0173326170116,330.5134848576187,0.6506249548233511,0
212.97074081543852,330.5134848576187,2.898842710218926,1
248.83762351561316,460.86911895936856,2.6283482251091193,2
579.2155628552613,917.330822608891,5.422421137357162,3
233.42392192667086,293.2858786531996,17.286766636650068,4
230.00534321315376,329.25154512109583,0.6527801009953103,0
226.07304227031017,329.25154512109583,1.3407628976135293,1
264.27518660521804,518.606872837087,4.421062856718256,2
494.6966933102817,832.2470795557974,5.706363749697309,3
232.2703610774053,312.5551918430169,14.083960166162163,4
230.01366372124824,329.3102206082434,0.6428466561906816,0
212.95578042879944,329.3102206082434,2.811552305043655,1
251.207709622264,434.1493894684381,2.77716735169844,2
485.7031313401199,801.9432009248699,4.945899215101128,3
232.26483045733343,354.44099727559137,14.039991381340705,4
230.0130083231607,330.08739726880066,0.6405066849816078,0
206.60248621010857,330.08739726880066,6.0348123657930435,1
240.6321460137805,383.00465871339696,1.213774807547113,2
417.13557229191565,734.110980391782,5.278108475136159,3
233.03553672617818,334.84616195632566,16.277643641958743,4
229.97102874363,330.85621308991335,0.6551187578554637,0
196.4186241743856,330.85621308991335,7.073123881380916,1
269.71439855936507,550.0996328493069,4.278726818611101,2
373.0352733077388,737.8178971967875,5.217711232260784,3
234.52444790995006,331.8437807633668,20.00915570425255,4
230.0152927679876,329.4073385490503,0.6483345509248749,0
218.25105832343525,329.4073385490503,6.617897481036511,1
238.16939635336348,393.27077813880487,1.4607603926449395,2
395.809311769105,689.4383216433154,4.017989639182964,3
234.73148261376463,292.69229194792945,20.36463076862954,4
229.98690725520927,329.69551283239497,0.6396015392224839,0
225.7905226391503,329.0126259048593,1.1666648128900532,1
271.36343410504867,523.1366754573065,4.205547654779649,2
400.9035725390975,680.0564949873703,4.763641585171245,3
233.92875387664824,302.2493293083212,18.605101289655117,4
229.99910764538762,328.8765375758452,0.6517682251422882,0
212.52087504921246,328.8765375758452,3.2594224568210572,1
275.1283338109678,523.8728506055648,3.634405787933739,2
452.0920976085793,909.786260412992,6.591301770194267,3
234.51604925736638,318.2155199754808,19.926810037044778,4
230.019070163289,329.26292727959,0.6471130781275245,0
220.5560685626125,329.26292727959,1.3715614000806076,1
246.11556214105528,423.28369626183184,1.726023278401815,2
511.31113430133746,867.8473301587206,4.792816550386859,3
233.59532908274565,291.80079342862626,17.71447378673976,4
229.99481876448186,330.03644450481016,0.6456732804384867,0
212.059593748745,330.03644450481016,4.728822128834894,1
239.81626622291665,376.87871965262946,1.081572294059299,2
396.4949355799399,660.9139329218232,3.9279407822970827,3
234.30998142462138,312.5188154060374,19.47287818115928,4
230.03143131404593,329.3586764966607,0.6487014530760133,0
209.4909079123142,329.3586764966607,6.126755815897296,1
238.81208624505183,383.0219575217942,1.3456495732550338,2
446.48609253084055,776.5491441381859,5.5726225619515,3
234.14392406722973,289.1330455373569,19.005041030883568,4
229.9898679455593,329.6933149208793,0.6460422281294781,0
200.38716358226412,329.6933149208793,5.795831641811555,1
258.1117182270556,505.15223823707424,3.1070154080898966,2
482.0160170037012,809.9887835028942,4.674918960338575,3
231.7666074376964,345.88038239902465,12.47103085076405,4
230.00176674079572,329.13875834054494,0.643139027873148,0
223.75862368025577,329.1311890780021,1.3095502779236508,1
258.3281068192551,501.59259315877125,3.7168772210234104,2
499.3059861863582,955.512748478591,5.807130978786536,3
234.04953427000186,295.04887859149164,18.85478086234095,4
230.00898121171548,329.6447045352885,0.6515855475247115,0
222.58502314067977,328.44780917144055,1.227881661435052,1
257.4538355340969,490.0820599015136,3.866173765013477,2
518.6152364768999,918.9426019149907,6.203823358571539,3
235.60785132962857,314.1822594556499,22.208339285629908,4
230.02660174965058,329.5144935281908,0.6420475273282618,0
215.41996012078351,329.5144935281908,6.14003889068238,1
264.2382024319203,579.3534595531711,6.307964081523242,2
551.6761468785572,985.9029021296647,6.7486309454792535,3
234.0019133416111,292.9302826881861,18.682951816566355,4
230.00867612042995,330.3211853752221,0.6480048364219168,0
198.89518193499305,330.3211853752221,6.878177399899145,1
243.85150939488227,433.0636054335692,2.1992739333357347,2
429.9719766199082,872.5657737123627,7.208135706299032,3
234.05202713361822,333.31151248961504,18.84430111418722,4
229.9925231138229,329.4128645277051,0.652226083121374,0
215.4969183296766,329.4128645277051,4.6215803211611135,1
242.86261377002324,398.36058288808306,1.6375927866099342,2
587.6663021075108,931.6129213986986,4.346359855789991,3
233.07800545322462,331.46633137052174,16.4483540984655,4
229.997403054074,329.71000361990156,0.6522365628776374,0
211.43561125480858,329.71000361990156,3.3530015477931303,1
238.01965042228787,372.9644648510295,1.171561312730338,2
402.6392267937126,763.2969241098166,5.226516309395735,3
231.83847460578147,347.70971433748304,12.695199281528868,4
230.03498910606456,329.16804562217385,0.6508549222348958,0
215.789808583094,329.16804562217385,3.3347354846879083,1
258.1783625616944,582.9107426297,5.472449578168139,2
506.4781661659028,796.1501012510265,4.984320625671166,3
233.70230610071704,316.30503839092273,17.939554702133723,4
230.00084856641837,329.325517035181,0.6474013074096969,0
216.2188035487805,329.325517035181,5.803852251419328,1
258.998993540895,537.9746437084893,3.8668119654218778,2
475.22082001486996,911.8854423029173,6.713277733982149,3
233.37197098190518,331.3646235325181,17.19650970419383,4
230.0010228202424,329.2085177148486,0.6399982236836363,0
199.4441758775108,329.2085177148486,6.30325052744654,1
241.98773901791714,412.97530407582514,1.9605366840931646,2
395.78771795709537,683.6125850041205,4.030471083116175,3
233.9458201262384,342.1734491639035,18.61155365466978,4
229.98281364450196,330.8483844202493,0.6558562760511638,0
196.37726630064228,330.8483844202493,7.57194707642391,1
277.5872048285943,580.1673000339134,4.114025887399916,2
485.49359127635773,860.7248980288617,5.330566340908452,3
234.2298383423316,326.12810100254563,19.31814286300046,4
230.00057652733057,329.1713457044678,0.6498353791150552,0
217.76657897402546,329.1713457044678,2.927273550647028,1
263.58043510913546,544.6425229597324,4.941807758104258,2
448.85806012812645,832.8398178705487,4.965312770218415,3
231.37405067318446,339.8565155415371,10.964316913616187,4
230.0124988432816,329.14248578125324,0.6509494825846446,0
219.33633479591137,329.14248578125324,3.030911140272397,1
275.5757603432381,564.6369715426649,5.466457246654352,2
432.6872356668149,675.3258536230161,3.685523148312738,3
233.26304657828385,300.55629299331895,16.884135663683413,4
229.9945930694769,329.1900516342716,0.648486605672238,0
218.35453575905376,329.1900516342716,5.4174426476433855,1
252.88430761718953,519.4341284210593,4.567042633419758,2
473.14222063724367,786.2862680933118,5.317485579092373,3
232.0253682812188,318.6539752535219,13.334204716489909,4
230.0121025521655,329.90700221598996,0.6472416091719441,0
198.8701542017853,329.90700221598996,7.431798621765173,1
240.35870844620962,449.45586185531124,2.8140346637863334,2
371.51292073613774,684.6239079600662,5.343724866799872,3
232.12880873502536,338.59431764754277,13.613425949759197,4
230.00520061190522,330.33721936245246,0.6436829954152729,0
222.48224091276379,330.33721936245246,1.3614494421855856,1
245.3328125520605,468.3861773068502,3.4564247352333592,2
441.11384819569156,824.8006782796475,4.985167717304191,3
232.79303469092326,335.02432635075013,15.630372099085454,4
230.01881455945832,329.81238242992356,0.6528640698762361,0
209.66434472867962,329.81238242992356,5.443764246557272,1
260.61639229048797,484.8467738494099,2.9539141171056564,2
486.2922508562024,773.1598005346863,4.625926207237298,3
231.1346261516981,320.4117485036611,9.883567013239636,4
230.02533857604888,329.6873809599689,0.6434910005057184,0
211.90927427388874,329.31000882236793,5.750224629728544,1
249.42518003612676,436.8493277613752,2.0592841933584,2
547.7265307355593,911.9263955530663,4.826931114682745,3
231.4554003650852,323.9008497566958,11.186836344131596,4
230.005021040159,329.92790088902285,0.6486391654948847,0
199.1882254922498,329.92790088902285,7.252383692265685,1
253.77611917821173,524.0398080273087,3.937858090362565,2
498.2799347326243,969.1503903654703,7.265460146217122,3
233.65463698975532,297.4144960789709,17.89701422387033,4
230.0231415520889,329.52333634608357,0.6512467373288912,0
194.42075519995177,328.92405106161135,7.099365270844474,1
261.3602350967421,490.1807890896777,2.733378330219305,2
438.3884914853964,813.1715779693859,6.1354906994143645,3
234.23038118420675,325.03047866845014,19.224866633073958,4
230.0185019417878,329.40674006065075,0.6454658680197302,0
207.3820672965636,329.40674006065075,7.5426894510955576,1
254.8334266996859,443.4659031789438,2.7012430329179002,2
358.1659467711787,684.6723583119248,5.645621520664271,3
232.73685682484165,309.9548168215585,15.433177003010702,4
229.9882929156688,330.1047767454363,0.646557139539701,0
210.32180049061353,330.1047767454363,6.053331109063044,1
277.6371125799229,545.1150156184225,3.6436934087101283,2
375.3904837942005,701.1071940817683,4.34856668819787,3
232.16227673084288,305.80653135781336,13.79750917889249,4
230.02496243919103,329.95822326318915,0.6481360182777363,0
197.51230892464287,329.95822326318915,6.708060144684724,1
244.26252487835143,473.99871098427246,3.3728194880259257,2
548.5656809685041,893.5657986860684,4.451654682077755,3
233.71832076077834,312.68001191885537,18.003850621195006,4
229.97339251671193,330.00247178924764,0.6517043752502059,0
217.98691661731678,330.00247178924764,3.6618360996616692,1
242.72765753525627,406.64793439563124,1.9665620135463562,2
456.46824290861247,840.3213828416682,6.545309435100323,3
235.52908836520965,324.6514527480522,22.123330892328767,4
230.00002904393398,329.91223804616027,0.6436986043775828,0
213.70608198017726,328.80485634961894,3.9976028376256,1
236.44819324675774,362.78230529517003,1.0041459970672226,2
439.2166293703354,831.1067784292861,4.951388751115583,3
232.0498144703262,338.2814267405731,13.396204316469602,4
229.99003527914107,328.9982333034058,0.6455237067632892,0
220.1022825818776,328.9982333034058,1.5062175204077866,1
243.14297791055375,463.16890217925345,2.586542529195813,2
465.0719989183738,775.5481876514908,5.21844839584403,3
232.03087325472336,337.70315720010825,13.3672540392344,4
229.9955905273789,329.0208007720998,0.654881833772849,0
206.88505104556197,329.0208007720998,5.445974788331714,1
260.7333763660251,578.2879319132467,6.0930418385952265,2
590.9294102031137,947.1544284473507,5.577360292229736,3
233.76119639156428,289.0258834116699,18.181694924372355,4
229.99209550130118,329.2735000315407,0.6537662235194429,0
221.78773950409442,329.2735000315407,1.757182498084571,1
235.0621213718384,374.18807628629844,1.2117977193329597,2
475.5039543185439,809.1593155441361,4.625537211328531,3
233.19022216198417,335.5445381744191,16.747556445338578,4
229.99091895104561,331.289587429118,0.6446346262250434,0
211.822313069113,328.7569997471806,3.4782359845812154,1
261.56672113404426,566.5313700792468,4.926987039596352,2
442.63046717209835,731.0009457777176,4.441649282434677,3
234.78092649306467,309.1660396552767,20.525829834143156,4
230.01752140896502,330.32881178456313,0.6445067855345137,0
222.13027058690034,328.743667146643,1.1301634770367515,1
242.33273410588953,454.9667884770287,2.994289530612604,2
424.5881977572196,727.182940950397,4.834686766227386,3
231.0576450873473,335.6939372471616,9.542658457063137,4
230.01552559875807,329.62337489446696,0.6423743608312892,0
222.3619928944631,329.62337489446696,2.14136209947737,1
264.1581515936892,482.6952695466077,3.150962155208245,2
421.8130784908941,782.2396420390168,4.818756018983869,3
234.5484835893604,304.2580990108371,19.961378620387098,4
229.97663012554014,329.17979187249904,0.6441884025588717,0
202.44247639845727,329.17979187249904,7.792252943289664,1
288.7519687929983,569.8473879347686,4.691026780169181,2
513.2480761735421,968.6095532175578,5.637277754863084,3
231.70899088092455,324.29805336025055,12.31438690301712,4
229.99649131278514,329.65502329450624,0.6463763922223426,0
221.36615971361675,329.65502329450624,1.425229547697203,1
259.93905684882117,469.2801366852241,3.031649842846372,2
375.0696546740808,713.907774755046,4.981926315266808,3
232.05627437653916,309.2829171785322,13.429138133259396,4
230.00097713684363,329.1197520405207,0.6460655131373935,0
205.8927977335511,329.1197520405207,4.936119180802727,1
249.10765276274108,450.99581926029396,2.785670478931103,2
471.2962297567288,819.1123575701295,5.808262111082037,3
235.2658582721225,325.00327860837035,21.528832056480166,4
230.00038972724133,328.76403204226676,0.6501350467516747,0
194.22195317347516,328.76403204226676,5.818098939483141,1
269.04670980111547,512.6603997584674,4.321576626067614,2
572.9396221466175,910.6524550702112,4.562803806538011,3
232.4236233139926,340.72688590302744,14.569055741834244,4
230.00746378308864,329.979921837595,0.642177252125807,0
217.03137213083622,329.979921837595,7.0662478172519165,1
243.97483122752894,404.97681525711687,2.1130813299210214,2
392.3203818930445,724.3774010795846,4.307183369621267,3
235.28036328220657,322.53254051540307,21.54496241775873,4
230.00370324054288,330.50950312871385,0.6538267116337865,0
221.4519637302799,330.50950312871385,3.290667741717594,1
242.34024750703364,424.77030528871256,2.438303949054824,2
369.23170642045585,672.2641502015337,4.956523222350864,3
233.43421491523338,340.2658608818407,17.348360309632174,4
230.0072430877651,329.40010579394334,0.642491762171991,0
213.07715663457415,329.40010579394334,4.395064532964411,1
237.98073490331126,367.5688875049173,1.0794421671679404,2
441.62118093565874,832.9277346512006,6.118934293970236,3
234.96886045402113,291.57612398343883,20.89296025290214,4
230.0068269358009,330.10188783653905,0.6438869795072222,0
202.43343002108242,329.52225789922005,5.199632662148085,1
253.0294455992404,430.63345519491884,1.990181285924761,2
455.5749171557701,869.6944579965946,5.176706989165206,3
232.8110071701096,340.6167085534024,15.676280740822158,4
229.9967675953498,329.02587797538087,0.6555285671139738,0
200.7437591426581,329.02587797538087,5.2861586096079565,1
250.1556198248426,476.9423619478464,3.28953770344095,2
535.9379863164612,875.6397150082568,5.307592566778908,3
234.594037017934,325.3584912745471,20.104994155579416,4
230.00980388131978,329.5493758764308,0.6531649838247475,0
204.92908845620587,329.5493758764308,5.648792930947669,1
292.93626367502947,590.2560407402817,4.56946513133258,2
399.9555182647156,807.3387214553547,6.8200476148276294,3
231.8044659038392,344.857860246458,12.53367875248082,4
230.00870466113753,329.48440362538616,0.6506180751139934,0
217.95889694754317,329.48440362538616,3.463649403763496,1
277.9647635361323,563.8506238982374,4.757138616347987,2
503.9128178487559,810.3373304876473,4.717127202675664,3
232.955362808106,315.15198512127444,16.07162154997929,4
229.9991026591263,329.38796136122363,0.6515808007572497,0
210.61947855917714,328.6503573342965,4.194006283153205,1
238.54736777121684,391.64779382955,1.4924597018763468,2
419.91124829268995,738.0012047430247,4.324303103232468,3
234.44673070137816,293.6438839724111,19.772012910352387,4
230.02273505110276,329.95588773462424,0.6555529046642832,0
218.34251002509978,329.95588773462424,3.863106296354358,1
264.20285626104436,589.5608182338453,6.150533859478649,2
379.1033280892224,701.7157059727867,5.322711639480416,3
232.06413657407725,310.0475881572392,13.368648172262262,4
230.00088387137606,329.1600403226996,0.6518003727942764,0
221.1393779871695,329.1600403226996,1.3242509593652423,1
246.4017589651614,455.37335407981953,2.4255389923144604,2
458.4231392897176,891.0625049379904,5.980814274960747,3
232.57171435217273,310.18889178713675,15.007781011697874,4
229.99044142944715,329.9857750640414,0.6416842070699716,0
207.90741717511963,329.9857750640414,4.944254426637514,1
263.5321219345671,565.5978899918795,4.530283281667569,2
416.402172612852,752.4301683284785,4.913052876906847,3
235.38656970568937,293.97939602397787,21.79872560012998,4
230.019134857403,329.39185937603145,0.6525575794712499,0
223.7351015568777,328.8795361972561,1.2047922507210533,1
240.0052885049365,400.5825433298325,1.7761279634587228,2
459.67007772131115,851.7017335618486,6.541288161605739,3
232.32706382539538,346.92742382202357,14.216681039382323,4
230.0019659034862,328.97371078216514,0.6480520312301546,0
216.00767870811956,328.97371078216514,6.381612779764375,1
255.47564196569888,470.6604602676714,3.0552645860438528,2
504.08095225789856,843.4957544464814,5.5615854887111675,3
233.33909397872563,308.951374768636,17.109065023969023,4
230.01200331589857,330.24795525593225,0.6500045147054593,0
196.49353107733725,330.24795525593225,5.889743630827341,1
240.00551538578253,378.21304716677923,1.2568947905239427,2
547.5191842668195,906.3347597845842,5.756425560309306,3
233.65537704437642,333.96364050221564,17.881379600045573,4
230.02734252217516,329.62784136370084,0.6559960412836467,0
200.15884210769005,329.62784136370084,6.6514394318774945,1
255.84538185410662,528.2986309372855,4.303636538291947,2
549.8899614441493,939.018024661197,5.4573077140219555,3
232.06669710725896,312.5256876981717,13.361818625546352,4
229.99400844965814,329.7746407203011,0.6452714637631756,0
211.44480758916632,329.7746407203011,3.1119833058357127,1
267.72488731188275,554.0789494716521,4.9224709242002485,2
437.23325385842594,687.8434261394642,4.653217369759256,3
233.1782810721,304.22498030149853,16.71063810990928,4
229.98509490449285,329.50143785105985,0.6453261713215778,0
216.79037075105876,329.3905523376655,2.3274291983990394,1
277.3648146712982,584.2325546651344,5.576926342460897,2
423.7276402308014,678.1236561014539,3.5582970716612103,3
231.68650893579212,313.2545972991523,12.203631818352875,4
230.00705001639264,329.2519948961646,0.6495581927605412,0
209.20844330812753,328.7985114194261,3.2073417860118156,1
251.1531704488088,514.8898265538842,4.503967731844704,2
422.6132322100472,808.0609191033317,5.478008305610887,3
234.41867331151633,325.55278800215024,19.690733925888253,4
230.0506797872771,329.34136345156094,0.6419063176092062,0
208.5873082545646,329.34136345156094,5.321475132852286,1
273.0892939931602,510.16551649193366,4.276338552321076,2
485.5998091308885,800.2030704479591,5.295817600316726,3
236.73342998212732,314.909091768537,24.28694707358978,4
230.00987179187567,329.9944660355664,0.6479648278250131,0
219.37004959472725,329.9944660355664,4.0653943381416555,1
278.0317731156605,559.2679303961851,4.779580944652378,2
384.5274288361407,686.1258451568171,4.25734839312538,3
233.60962895810135,315.8194723951999,17.773338172659308,4
230.0056550336524,329.8689772450542,0.6429874065684454,0
207.07740195147863,329.8689772450542,5.442900964280999,1
257.8450102262073,564.9559151776938,4.837065122539819,2
535.8376617995459,857.8501187557657,5.3518034583087015,3
234.41923726816637,323.88024288855803,19.694977792791494,4
230.01133910354756,329.5269219109467,0.6489939395934432,0
212.92672692446354,329.5269219109467,5.642128899693065,1
268.30202738376516,553.6268422160721,4.495613063925228,2
418.0480929596724,700.584126694735,5.072201051476754,3
231.71106904284014,335.3784717520973,12.197086004225307,4
230.02154532792864,330.1536436182475,0.644201423389523,0
220.13628206210473,330.1536436182475,1.8768156040904493,1
255.79918935353933,572.6210239423128,6.200994237561238,2
598.5097696573255,971.0248186261729,5.927586499534318,3
233.3991981172743,309.3434875891195,17.212351798783462,4
230.01152962766352,329.302176305921,0.6450228091640505,0
200.12669930238948,329.302176305921,7.76489651260419,1
262.57640431057143,513.1785360945164,3.4539457716275397,2
534.7840331390959,978.701492276613,6.167424862872139,3
234.46113982864497,292.01002110734305,19.775693120754532,4
230.01508690245797,330.41964159538543,0.6438116629385894,0
218.0844050156066,330.41964159538543,7.410798272648833,1
246.23507035224972,504.1526282064097,4.532258453065836,2
555.4398106261978,893.7383171808149,5.855402083429854,3
233.77183328572642,315.4869254856801,18.158966099490335,4
229.99076582202684,329.25910594700593,0.6495123678770096,0
209.10696187535692,329.25910594700593,3.2888618531037723,1
288.0431832435126,573.1663127593841,3.608455961333053,2
528.2430648990086,983.1710072807483,6.040123344248763,3
234.72641042808124,310.99223217051684,20.408112539353784,4
230.01012136548755,329.16809270451296,0.650889927228505,0
224.24306075013416,329.16809270451296,1.9505861146748915,1
242.78695734122363,423.0692702254284,2.109893517301366,2
558.0849671222933,953.6257779800586,6.179052600195249,3
235.85514461037408,301.6752919464826,22.696782614447308,4
229.99633557674724,330.5988552985704,0.646936822704819,0
201.47772450255349,329.5370691536657,4.169650657810451,1
236.70053920946907,371.76791696917957,1.0265546485254657,2
525.6627834579466,856.27467391184,4.4723398567113755,3
232.13814491237798,339.4362037363908,13.694558872248846,4
229.99308606103156,328.9337162218898,0.6439749228031048,0
198.277302653262,328.9337162218898,6.217011297715742,1
238.2031070307325,385.96094658365007,1.2657457571096775,2
517.0245893356911,975.464060351576,5.5715230714004935,3
232.4015806978041,315.8695826148798,14.524488851630338,4
230.02202218954733,329.7812170662449,0.6422722118670816,0
221.2426190551647,329.7812170662449,1.3326785853362695,1
265.9508419954466,547.6212448683536,4.29996728053076,2
387.5029333615937,687.7605312513097,5.090457582322341,3
234.47818190348448,290.40268810167424,19.789818452860622,4
229.99717175435222,330.250032752424,0.6588232354404838,0
222.9723492496617,330.250032752424,2.2879652391021543,1
254.88389525076798,537.5061544855556,4.695476927882812,2
403.41223228977907,690.818244333269,4.916831119013084,3
234.19809821872644,286.6643638241692,19.211684454990397,4
230.00630505964878,329.630841479018,0.6542710529796446,0
208.7689110690627,329.630841479018,7.1063604238328315,1
281.53674916644803,552.8515640765178,4.817896584241882,2
429.4294123351754,851.1213019860202,6.728109482622509,3
232.9347958261744,328.0470409720061,16.022006522169267,4
230.01699206307748,329.3969009219425,0.6443223213080587,0
211.08708118939154,329.3969009219425,3.2381157011940465,1
263.25590147020614,480.8206983591277,3.7794621070180314,2
506.5855092298629,802.3051116012302,4.594368331104476,3
233.63243369727292,341.6754100557176,17.81185295238942,4
230.02274080437508,329.70163893816226,0.6431104680421071,0
226.25825911571752,329.70163893816226,1.361993038507058,1
256.5767973367616,585.0719635396571,5.777189881412319,2
533.4268018857601,917.0761663279811,5.21725289318625,3
234.02012433822463,287.3939296347823,18.735327119893753,4
230.00109343659668,329.48749994660034,0.651867871383232,0
222.70530132895286,329.48749994660034,2.442521741075802,1
251.99606447250207,454.92009375951824,3.219610628376827,2
480.4544736333769,826.3608643789511,5.911546410594213,3
234.00046132596844,323.01895301639604,18.741213252539293,4
230.02211183692768,329.61246397834265,0.6536844707208894,0
220.01062039756468,329.61246397834265,2.099382760423822,1
256.0345782073307,532.5309627701882,4.4051752116798255,2
516.606885054964,930.8585459551358,5.492893303910056,3
234.5262799607823,291.1315275630127,19.897434606283802,4
230.0229919126454,329.4500904545068,0.6439151364535903,0
223.4958288227072,329.4500904545068,2.2264079988797247,1
245.55477477191712,449.77005641385256,2.6818807148989343,2
564.4153016236182,953.6319324671948,5.303775475462288,3
234.5457396565013,315.8526451508933,19.938415267278003,4
230.0210443741724,330.2659507197924,0.6461562000698858,0
200.2909935808585,330.2659507197924,5.208894753906002,1
252.85251391035112,496.0233251222592,3.8038675483921667,2
416.14955301461964,704.398400336407,4.4155525748214135,3
233.9552784507307,341.02362937213735,18.585842165257276,4
230.00257295466588,330.0109938927021,0.6519972437325229,0
193.59510384030398,330.0109938927021,8.278886300879764,1
250.44982395593496,425.441560484793,2.122602326242669,2
473.7030035117568,869.6322800327566,6.703825335384226,3
232.09760235577474,352.85659639619587,13.543895433527133,4
229.98253252566275,329.31795238726124,0.6478651917385724,0
223.29403521803044,329.31795238726124,1.9428440703784713,1
233.26022745557648,371.7785665062141,1.20913203112548,2
519.3074164277061,907.6716413129243,4.849486571030542,3
233.52247180318315,298.25276037654015,17.62516090226529,4
230.02173481343715,329.0963611161178,0.6462882834465807,0
218.76112957908788,329.0963611161178,5.450465030263514,1
239.14419692722714,430.566731258805,2.3145071386446467,2
550.0631438529684,945.733581165529,5.204308547196357,3
231.5924675122496,323.7112135113924,11.724433139727381,4
230.00768442303897,330.30796074730443,0.6577218262312011,0
196.41226243702857,330.30796074730443,6.182336468963062,1
275.8215933869416,569.8130794251827,5.600399439382047,2
411.2897063123986,761.5516903343726,5.1380659601177,3
231.81656744538674,335.52580170567535,12.58359858307981,4
230.01444107041738,329.0540038054926,0.6486320853177209,0
224.23884831486637,329.0540038054926,1.0853177750572907,1
261.318884462721,507.4586024391235,3.8976721126522347,2
522.2320200383996,871.8925046005353,4.985036094029479,3
234.20722711987565,327.5861983703167,19.191828972362828,4
230.02403234000204,329.17332197913714,0.6499143930183497,0
220.37229401245372,329.17332197913714,2.750096119493117,1
248.33524822545024,414.5919918376015,2.1691070312608995,2
408.82491814619186,691.3289037125135,3.9416076765476165,3
235.3496661888228,316.9484162372301,21.653013828360347,4
230.01666805828347,329.0482102156337,0.6453056304245244,0
222.03351179791045,329.0482102156337,2.7483088704204803,1
273.95220055540386,540.0261875989706,4.836140844804807,2
449.3812774406786,848.3488825171988,5.950960649765126,3
233.15882716590193,303.63703355585227,16.59835914876158,4
230.00949214226827,329.1083571702985,0.6588367661659964,0
224.64615711346084,329.1083571702985,1.1350892803435244,1
267.1589136949886,500.21811011023203,3.62969824366013,2
459.1721696957906,882.8256050414689,5.797785749714824,3
231.9550559910361,324.4943507691992,13.051034687860842,4
230.00084358446006,328.6280905658255,0.6432362565949904,0
215.84675879796882,328.5003989501254,1.4845318139207035,1
239.9393617985043,381.6847442000809,1.4666599463276202,2
556.8989496917741,890.6027427570864,5.856028691631494,3
233.0599313872277,335.55242460991593,16.376831821173766,4
230.01646763725336,329.518610366818,0.6505236529482689,0
211.01040373035252,329.518610366818,7.100506425405328,1
262.64816956099804,569.8941522274049,4.740310858255467,2
442.4622165881024,787.9620950656848,5.735415500868617,3
232.69258402579786,326.4965876888505,15.31260643091557,4
229.9755724659557,329.24117452284065,0.6480779017710522,0
212.89145502985994,329.24117452284065,3.380746951726346,1
263.32888595392205,561.695264302384,4.3780655195276825,2
441.19500848534676,743.6644817666084,5.353204749284099,3
232.40291213944423,329.1575620148544,14.582129792467482,4
230.0301268554971,329.78398908026736,0.6431937506227892,0
221.8327582291337,329.78398908026736,2.1937778062749094,1
248.59527050552433,439.7661770379795,2.1248143600728593,2
515.1153968535609,829.5739948683332,4.353160413816759,3
232.70742528087138,334.9662107895391,15.315227522848396,4
230.025357681884,328.8639818606909,0.6490968793737829,0
209.66560535987298,328.8639818606909,5.264786456803247,1
268.7180097835046,555.1282890730987,4.7316582572025565,2
575.4951421115958,972.3000960787068,5.532568377514647,3
234.30211203128312,305.1515076626809,19.38413941325093,4
230.00513599433896,328.97137283752494,0.6519280724008881,0
204.04407542458534,328.97137283752494,5.946864938373662,1
268.7293240556747,543.6068458920302,3.9524379704846164,2
385.5694324958873,722.5846336282528,5.6137718180205525,3
233.71406975590662,314.811048375238,18.042950528295098,4
230.00297263680142,329.2084981409415,0.6413679195849621,0
218.6431469094996,329.2084981409415,2.042059516181193,1
243.69398973015674,420.94010789244135,2.048791939463657,2
442.9766983060541,825.698849785395,5.593911234893386,3
231.94178561373656,313.84850381269104,13.027632752177967,4
229.9923681933082,329.81644604687403,0.6523523006066385,0
213.3707474125953,329.46464740216527,6.388575218504057,1
252.6807297673072,442.176235529632,2.7574343474449625,2
449.05159225687026,820.749074023356,5.250483790359866,3
232.30207315948988,325.44123923401696,14.222987182852048,4
230.0072858315898,329.9562092549925,0.6479576819131119,0
210.79817877767306,328.78032945223794,3.7655022184706906,1
257.11699865749296,496.8689544979584,3.7818935304001973,2
476.03953718751393,907.9312924393181,7.032802633702969,3
232.9060985477187,299.4773677540674,15.939940639139916,4
230.0164562554067,330.0399476929916,0.6501174833204415,0
197.3953515857503,330.0399476929916,7.5742210095387525,1
242.68687979159438,448.38483750172554,3.2498444051756787,2
406.0859397384615,822.6034891365085,6.953052797613533,3
235.56417348540575,322.0544130307868,22.105119713068948,4
230.03319293098488,328.6555999787841,0.65904552166301,0
212.17618617033642,328.6555999787841,4.370004936092492,1
251.47553968322572,540.7248382277851,5.437795722600876,2
458.52435964118473,954.2533210007474,6.203646744651781,3
235.62920811794453,312.5249151864846,22.20166186188137,4
229.9878996151551,328.8870102640697,0.6530855449215823,0
207.74350184598762,328.72901206723833,7.190707208593887,1
266.1997144845342,527.3326928475827,4.302992454159493,2
439.167880405998,707.693564999103,4.282439152446471,3
231.42321467681538,344.0136622701756,11.208834379910394,4
229.9981932543785,329.75304160059574,0.6501283568701172,0
216.35779484053177,329.75304160059574,3.209723979732673,1
262.3749071241633,508.11913206043374,4.468959238248871,2
550.4601644557666,891.1818659440949,4.519815956777952,3
231.66700326401315,344.71870451255114,12.085958549752698,4
230.00194040690525,329.42240776315737,0.6481229221525441,0
207.77959760219656,329.42240776315737,6.000319065385378,1
237.17353441110774,383.94572493588333,1.1695560715159936,2
369.882485304999,733.923727658274,4.6304903556097665,3
233.5970375274938,292.07001509153866,17.76207083931451,4
230.00176609919507,329.2682924259918,0.6482915146975063,0
219.53620009882442,329.2682924259918,2.7367225534250594,1
247.80080123936355,510.4484351311928,4.068648088567382,2
376.28326530810097,672.4470952350747,4.740970127182049,3
232.6262892751531,303.7212712254825,15.164095651913922,4
229.98981673379916,328.8328992963594,0.649604281517623,0
215.91881563383416,328.8328992963594,2.56248529164534,1
239.54134970929837,391.3377204644355,1.3796048807848187,2
438.21941108615886,860.2250971740542,5.647795866616414,3
234.8060862715763,292.8970116939026,20.582759652213177,4
229.98546006832876,329.0375407140611,0.6347431560144144,0
203.00490790649062,329.0375407140611,6.073015484853954,1
244.41869736725417,410.7230583158915,1.9645299480861176,2
373.68874706032676,697.1814783220217,4.303212774307612,3
235.90008082363948,312.919659320274,22.833862609329383,4
230.00824544726598,329.5185233831062,0.6485714319071884,0
226.7603828020839,329.5185233831062,1.477094799343689,1
238.4962416732039,389.6867703245352,1.480812823057308,2
441.40713637969003,800.2991708628842,6.029392790713577,3
233.97906452230154,295.23372563240963,18.673298887395863,4
229.9816602717011,329.1765957142964,0.6508563676562725,0
221.42854414805578,329.1765957142964,1.3790274412898251,1
247.45522350724696,467.2544855449976,3.3964138232880288,2
437.396400493267,881.9447225493128,7.462453940649577,3
233.13309484507056,298.91278691184465,16.624463479667906,4
230.00813550999223,328.7427393791793,0.6450528276186395,0
219.89939069286697,328.7427393791793,2.0856827615916984,1
285.5769873580881,584.3004338715824,5.87698791417263,2
586.3725104053887,970.912735283567,5.7719896558000885,3
232.37475970037158,337.3376281188738,14.396861475688901,4
230.02890277713072,328.93230456245334,0.6465535743645974,0
203.7423221374992,328.93230456245334,6.7065763872083055,1
273.03496600471516,512.5721097605973,3.754579987555888,2
418.41181096087064,686.1209501801936,4.252825094562513,3
233.65140314730075,325.134346869411,17.828963208468434,4
230.00810625323513,330.2053140450918,0.6480323369440011,0
212.01280454707384,329.9219292718605,2.776338873870398,1
259.05819279809424,492.27018262271855,3.74573264813976,2
379.1057024076874,704.3211306077683,4.243381396485296,3
233.30500389975555,340.4038491923574,17.004808102697154,4
230.01865601082238,329.55552814263865,0.6484950702409588,0
217.3711537416852,329.55552814263865,6.50834403500562,1
250.95183892541107,457.2469102485459,2.766405154973232,2
460.8132608755999,755.0127806363557,4.305086186187709,3
233.00295199854747,329.4125077776946,16.17398863273854,4
229.9953746926473,328.76056655673904,0.6449509936059488,0
215.1218642434521,328.6130284165419,3.6318383089666657,1
244.39976603974608,404.7295621669227,1.9430486253075627,2
345.9349533359096,657.6382924349688,4.316630579624819,3
232.83811458396033,305.43746407961083,15.784608114571204,4
229.99126296512117,330.54637299470227,0.6505268456094253,0
196.17952827027588,330.54637299470227,8.069278054319417,1
247.6516892448008,493.53202952084627,3.7491305619854423,2
386.17628686866686,662.3981513405307,3.68087066596241,3
232.69707052724004,300.93143896427915,15.398506613867703,4
230.01806656500227,329.3075157553281,0.6454905038821581,0
218.20500968473192,329.3075157553281,5.884731539042094,1
261.17048791031846,538.897506645628,3.757482856912301,2
425.41734634011306,708.026509470179,4.814286045440019,3
235.02199291316552,308.2436807498064,20.982317058183273,4
229.99152478606118,328.6273206321588,0.6543677387758642,0
217.17352343396286,328.4183324731079,2.2153809632097543,1
267.81066005001344,517.8182761150972,3.246958753825066,2
452.6379047383076,813.2739787582314,5.064068978492113,3
234.3557041528194,311.95395471007913,19.58451657653816,4
229.99526543747245,329.67087712896074,0.6396956144046673,0
221.7974499107183,329.67087712896074,1.6376864920015166,1
252.0264063066019,538.0308363197114,5.052667215702803,2
412.0446748512705,677.8588580164792,4.696815582015225,3
232.1745476877785,331.4495908538346,13.813820084270256,4
230.02397744534346,329.04090777302474,0.6514557136485892,0
217.7527344203637,328.8872501108593,3.9605454842233585,1
242.83744999554276,424.0320764868626,1.8676558828002339,2
458.58994728368424,826.0179152269235,5.445558400110122,3
232.54294531980247,312.648240630681,14.85432304353094,4
229.99982452493276,329.313664328215,0.6504671898864702,0
208.30590185662493,329.313664328215,4.69642695305907,1
270.58450781870545,514.1512335059574,4.103526864191097,2
386.9110257647654,741.1416528269051,5.09559433575022,3
231.54272375712486,329.6359859814466,11.620848561028764,4
229.9794831016349,330.2069912481657,0.6577899353456141,0
204.92788491552844,330.2069912481657,4.571492698027588,1
269.8935044634729,505.83923154138756,2.789477343317093,2
480.8945796474628,941.5051777449526,5.895861378091665,3
236.31964626444676,311.59025784458106,23.652167190939917,4
230.00249738366782,329.27920969332695,0.6496043187606816,0
204.10316416067872,329.27920969332695,7.272414640118455,1
241.99856357380173,428.136899568087,2.219089934565023,2
379.74063534705624,749.1635516579811,6.084846667749337,3
235.1842073092826,322.11322117357867,21.356393666545575,4
229.9967109030864,329.7031702620754,0.6448652775459582,0
213.56356756273516,329.6310914494127,3.104687527676181,1
234.70671820852408,381.91492767273536,1.4269078534187234,2
425.10782064362695,812.3697918249723,6.495595973270857,3
232.73428167718987,353.13591887989537,15.488567363161001,4
230.02215783767784,329.63298692126824,0.6512968014885013,0
213.81730600092465,329.63298692126824,4.559996486330842,1
272.28629057698595,507.9160770748758,2.9862641457662282,2
585.4778002834603,939.2504222800873,5.140434762595579,3
233.8861139259595,298.9618564322213,18.41804277961505,4
230.00262140026518,329.6651881834995,0.6539112405292652,0
218.2534973269002,329.6651881834995,2.3942027687693166,1
238.63447652402346,375.04861734860475,1.229412866973933,2
450.90250624812484,773.8823491440501,4.250291820248056,3
232.30953415911284,310.57205715100105,14.21411719927916,4
230.00585020913738,329.63618482507275,0.6517176741625614,0
213.5334736664854,329.63618482507275,7.355837696985462,1
245.47798258815894,487.1737737002892,3.534980512608398,2
540.8888337346374,951.464994372323,6.423866391893142,3
231.1139478991029,330.8120857341718,9.849612475216029,4
229.9975103012538,329.14936277237945,0.651304607619085,0
222.03059403549486,329.14936277237945,1.3924145023893175,1
251.79244291162325,457.3473655586487,2.8241395856999776,2
600.9410273036656,961.0399053004202,5.9915659137176895,3
233.03207696519087,316.1537257297105,16.311179665532297,4
230.00942066707984,330.4715815745026,0.6480669857302951,0
209.51465528285775,330.4715815745026,3.4755774177303542,1
274.9398093789672,582.3267047671172,4.906646989058254,2
477.95240987559157,937.0283863026743,7.491639346810855,3
235.0357314959827,303.3635890711703,21.030140382624232,4
230.0037632899009,329.9566884893984,0.6459514398999282,0
221.09588459804112,329.9566884893984,1.1766644023858688,1
238.4555173350946,399.05357673972696,1.7061265174566944,2
509.54211820128467,962.76004203566,5.548195844951881,3
236.81878297746687,312.5385883326629,24.53207406668964,4
229.99237369086555,328.9672554061572,0.645091597678406,0
208.17397822587247,328.7055475744551,3.5157158238602806,1
268.004228150151,523.5184507998586,4.536715299956908,2
418.2480275658708,674.0995745554704,3.7538563856561993,3
230.92208379716743,325.2074810944057,9.02385723857019,4
230.00937439738738,329.14274440572507,0.6577777793787776,0
225.5436870424824,329.04612173587503,1.124866539872757,1
251.68027677726425,445.0305648686743,2.749633388272944,2
468.6195868873455,823.0078345431934,5.070477414824808,3
233.97445831126797,314.65789270002875,18.65999805185211,4
230.0143923200614,330.0985223598153,0.6521499506829247,0
210.40073560936744,330.0985223598153,6.626441577241617,1
284.2737894813273,553.2916686128949,4.16819493865844,2
540.9821718419109,865.7750644250332,5.0206103543181335,3
233.74948314764015,338.5247789441199,18.10653082371858,4
229.9720638833058,329.77653934258416,0.6527838142754803,0
220.7872751891047,329.77653934258416,2.3893397638186853,1
255.99826788938904,570.9686730767169,5.342187837713368,2
572.3049178036778,907.5316641507964,4.384367519878171,3
234.3579204535951,323.865210521908,19.63428206188004,4
230.01272357081456,329.1562189882365,0.6522079038671457,0
198.76627762010048,329.09174900082616,8.671049022932932,1
238.3599449818011,402.145276839712,1.45098669962078,2
562.0832823896449,900.8944509116554,5.879648308788009,3
233.2120791541849,324.6542105647844,16.749972941823682,4
230.01804655370293,329.3526617577312,0.6475166247583923,0
218.78373388159207,329.24564468326315,5.237954114563666,1
258.04089147024115,461.5555293098754,3.1405711919812624,2
526.8120642706938,957.6523609834511,6.065999390356111,3
232.09713873640453,333.67522637357047,13.491494136501156,4
229.99822338914817,329.2886777038171,0.6504265478184487,0
198.1763172068883,329.2886777038171,6.837010872264397,1
235.85609473022413,386.3964364490696,1.614467322201454,2
468.0421114219421,952.6695891479517,7.999683653389522,3
234.1468841208138,329.8383943426476,19.090525561456413,4
230.00391146706824,329.3068922091575,0.6378842366032024,0
201.1024843510619,329.13318932633155,7.426875075652297,1
248.5451728796926,431.18537787396104,2.395868181990426,2
467.63011482781286,784.6249688839847,4.322368626026172,3
233.74596179785237,300.2804576122857,18.123397147115874,4
230.00618256448342,328.5701172435184,0.648685385392216,0
216.27719847511466,328.5701172435184,5.274119458555438,1
235.96549225455033,365.2162288070678,0.9842478654533939,2
565.2929491439905,928.6298668780696,5.373141722940345,3
234.65169823174477,294.70994284691494,20.210504449244038,4
230.01047723183802,329.9074123101879,0.6448000205301624,0
215.4775731977736,329.9074123101879,5.317184668322239,1
272.645205402411,540.4793199033612,3.8857502860950204,2
447.1703038978784,707.0735556289028,3.983264064683368,3
232.20236623390417,306.65075895199294,13.853602123257488,4
230.0114841734614,329.06772283223955,0.6452980091999999,0
208.86009549954647,329.06772283223955,5.702262783601196,1
251.89239105965828,509.4313955050924,4.189005196989817,2
518.6690590892758,949.8596254998089,7.012258536729673,3
231.94150954867686,309.99747581271987,12.997980754514806,4
229.98392113798351,329.99778791799247,0.6419459942401925,0
203.95588526279744,329.99778791799247,7.885262172270142,1
254.30197278658346,534.0789448443745,5.125410801823788,2
484.77232281039727,780.1989211162941,4.351192661053713,3
231.7904188083472,309.3416053390765,12.575110123159714,4
230.01529121003554,329.80131803445875,0.64622331724223,0
225.82489032628936,329.80131803445875,1.41292740011139,1
237.49802381431314,383.2541100423291,1.529534293563298,2
503.6476862421989,826.7569581811994,5.100868283860026,3
234.16924905373907,325.5572523699054,19.101942041015455,4
230.01003348231262,330.3999020980058,0.6493058754906316,0
206.72195191432886,330.3999020980058,6.907147369427191,1
238.60688390155104,432.3815464605821,2.5169348422456683,2
545.3436675574461,896.6687806686344,5.72697516773621,3
236.10086975725432,303.8193139380365,23.17480519461445,4
229.98804095937007,329.57282732809676,0.6384452124991964,0
212.21540463457092,329.57282732809676,3.6760054221615004,1
239.2591311068177,414.3388011929094,2.431917460595543,2
492.0571634890896,925.0173664892229,5.775779069565274,3
234.87556763576472,282.7129019647028,20.735620097814213,4
230.01967552887373,329.8349474783081,0.6512331159612315,0
212.1962225103679,329.8349474783081,7.5918592775418,1
257.68977195443284,456.5882130981185,2.7467474185599383,2
546.2214901292981,885.6583284449672,5.704960795262984,3
231.24566879615637,323.6432540606893,10.359139249818229,4
229.96946452224964,328.9096825303161,0.6421256709742269,0
219.5890636995554,328.9096825303161,2.1177804714698234,1
259.5913762720779,588.857310151389,6.210701014533259,2
441.50416863752247,704.045872928615,4.001674909492632,3
232.48031395352376,344.6018511428195,14.83163043358001,4
229.98821628179087,329.4952781396031,0.6455369927348938,0
210.72943329226788,328.5089112547605,3.455309377951872,1
289.12472913179954,592.3700595751853,5.631330037907367,2
588.4022482066667,948.6180416841463,5.398368587431156,3
235.05071902163914,301.14243053591053,21.10736794168529,4
230.00544426665857,329.34670555860146,0.6398436897284067,0
211.60600079975563,328.41682497922733,3.614436259151662,1
238.57451318366137,414.0379522442769,1.9771699022018654,2
385.0472177363368,701.8226490256932,5.2989361960027255,3
232.10301504283896,333.0029004151378,13.551451066179322,4
230.00448204906158,329.3595621232065,0.6456213164861474,0
204.1807519943158,329.3595621232065,8.509770377051215,1
239.35031905333042,383.20399294119164,1.4000637613298734,2
582.2549750414761,965.807752468957,4.694114256389441,3
235.289125497953,302.81122619026746,21.569441558536422,4
230.02403361076682,329.2910424909206,0.6402374826627328,0
206.2993310928474,329.2910424909206,5.001794303266011,1
260.45779936156504,517.5054183691847,3.314756124301959,2
417.1640267072249,812.2691017472956,5.6545417914615275,3
233.72748517205528,300.10642549829635,18.028343678677647,4
229.99875581921262,331.2675722598341,0.6462422156715298,0
213.53661998728234,331.2675722598341,7.936454102047723,1
243.86615852123882,473.6055238535274,3.702591377165443,2
499.1202726304208,889.0714934979051,4.820680406748525,3
231.18430433723563,336.59037199868953,10.187218318263133,4
230.0355794446779,328.66548998208197,0.6428689695750247,0
215.52673740175118,328.63973079345163,3.3793939354316405,1
276.69794546347737,557.6104628546041,5.436173592212412,2
495.62227612445287,944.2333141315181,6.812733087014977,3
234.29682283305266,327.01500439013273,19.348023256837678,4
229.99673919523536,329.3334615428832,0.6496830296410697,0
217.1463306967706,329.3334615428832,5.7870593061129965,1
286.7754102761701,562.3909669509275,4.970006326867436,2
454.34289753115974,873.371449522436,6.204874178825912,3
235.91011960335354,308.0610589206615,22.83131561302269,4
229.98513641793826,329.8482143445159,0.6459168133101294,0
227.07581998930056,329.8482143445159,1.1596874314839505,1
242.68449716379345,458.67234739284544,2.8178513488604904,2
483.3808429777069,859.6709385311995,4.906958903554301,3
234.27650935207987,292.8799383262627,19.419109019030405,4
230.02075942457034,328.90640456317107,0.6554144220144659,0
222.11339813536986,328.41511629226966,1.2629968654717572,1
238.98041657208302,385.54149163411864,1.4215810276358116,2
483.26686359440015,869.5953733756177,6.262913257403044,3
231.62789710046948,328.0428299076242,11.860114666711194,4
229.97396420359462,330.703826467779,0.6485012515729042,0
224.6379994088146,330.703826467779,2.1570902386657598,1
273.5216701065259,547.0223384739054,5.11394197999803,2
512.5999624775525,922.3600802757007,5.2975328713413194,3
231.14483976458672,339.78968662167637,10.124767315131477,4
229.99211654997302,329.1457032715004,0.6541813825120074,0
198.8324768775101,329.1457032715004,7.58034848996092,1
236.9728936285887,398.72996266426895,1.6489862054605648,2
465.89011401682524,874.0253176233911,5.248573078188199,3
235.0432895402669,303.98045255382164,21.083598139737227,4
229.9985690888027,329.2320213063662,0.6484993177795164,0
205.49492214781282,329.2320213063662,6.896290107622133,1
236.94756054968238,394.6779509686727,1.396474470299502,2
402.99233522613576,793.8510763912465,5.245585062329443,3
232.77901842070472,324.5710109289024,15.609997970177645,4
229.98869628483826,329.3292720385358,0.6485920819843967,0
214.8659626921958,329.3292720385358,4.921158549732225,1
235.42049726167951,389.54368076034876,1.5802009389121445,2
554.8669520473524,968.4375820938004,5.56585227975706,3
233.9717596748906,316.4115807911459,18.703080124889013,4
230.034634405013,329.09285082058926,0.6435468954515381,0
219.26306021785507,329.09285082058926,4.903534532993473,1
262.3535594059281,576.4657311051892,5.555687720955592,2
423.38913910296174,692.2578470069122,4.562692432286,3
234.10857260130797,290.6743444046285,18.914749224753177,4
229.99340229794925,330.2221727844445,0.6537274230584628,0
207.33306749396337,329.3636630512284,4.789796703028207,1
241.2319491509801,449.7761297033079,3.185214766256237,2
516.4731659303094,869.26358823771,5.573520172854806,3
231.572303873613,312.1273608133979,11.756032998831605,4
230.0026540563789,330.242769425877,0.6492304143539491,0
227.00035955379326,330.242769425877,1.1201813012437818,1
238.04770879296683,373.87271406033585,1.342164007242549,2
455.72205260190646,861.0280115738245,5.927484895815048,3
231.1829726682207,325.0314927997101,10.164863033169032,4
230.03344995086533,329.4709483842533,0.64053948927924,0
220.24677713560305,329.3661169361547,1.923124446830099,1
266.13608882986557,566.2610958124958,4.643950290725182,2
465.5209306534066,853.5539526294029,6.313791601364526,3
233.27745039965032,320.1805490817551,16.865848131878188,4
230.0011095859569,329.8244866960046,0.6521622084778651,0
217.1351126493328,329.8244866960046,2.377890029048677,1
269.66951710534966,503.2928322034684,3.0922400411515203,2
468.9250548999579,761.1732661013986,4.228227206608888,3
233.87196881354004,292.5312303703772,18.43548589187747,4
230.00575728640402,329.3413683485203,0.6507734216667712,0
212.0503036752879,329.3413683485203,2.440364928029975,1
234.03640381644072,378.8750950171935,1.3099261625368852,2
448.36078516499356,756.7112367286009,4.729967139420661,3
233.41140886335208,342.3557698414668,17.28481717026498,4
230.0298490547588,328.8322160010493,0.6494411449129351,0
221.14715744455,328.8322160010493,2.349086726128869,1
254.8910773865236,573.4637840915465,4.284459345753874,2
404.6497897256489,663.0576228721044,3.675851177242849,3
231.69640899795994,317.34152058971085,12.07693291687822,4
229.98264595791187,329.1809567019708,0.6473909982881658,0
204.53388718230875,329.1809567019708,6.237341114452611,1
249.62111890430708,423.8292145333709,1.7770099952773086,2
405.59800728460243,708.5750409825491,4.892066270597132,3
235.45399243432362,319.5186679839019,21.952323418018413,4
230.0025902357724,328.8995114246582,0.6551740043869011,0
200.52467724635667,328.8995114246582,6.240449889896742,1
271.99661397679097,579.0189363799856,4.602788212730049,2
447.5255637869851,770.8758848639666,4.290868368410689,3
232.86977234164576,324.8177679390853,15.852807192968054,4
230.0008458469197,329.28288086986214,0.6574843831891379,0
220.62607132072557,329.28288086986214,1.5427710394100225,1
239.78681367244596,421.8032352410961,2.308455993167533,2
491.0987128325744,781.4539594470099,4.969475256002442,3
231.8052558584635,341.92349901476524,12.568185939825907,4
229.9796137408299,329.9719973377924,0.6486316241992945,0
226.67814769664494,329.9719973377924,1.1440152761348015,1
248.0824397506507,428.1289552948909,1.9964666371871505,2
435.028100914744,739.4526578788,4.860597143584198,3
235.18880645596894,290.68291831298814,21.41457876679283,4
229.995401025976,329.01482130508634,0.6450326485197719,0
218.32983598088984,329.01482130508634,2.241016627500585,1
291.55306884839257,577.658843310888,3.7366037160310164,2
470.1220150282586,843.146037942219,5.47168655158122,3
231.18557851152795,327.71730292417527,10.207055340756998,4
230.0148213123738,329.61436409199354,0.6516098113729403,0
216.4407505745909,329.61436409199354,2.8833140431817466,1
251.20814128698606,432.5107788528636,2.6421132462727477,2
368.8587104371853,697.8230629497916,4.502178176390186,3
235.608110027901,316.0354867049245,22.196857619160674,4
230.02611142593483,330.24371850798536,0.6437190042486965,0
213.26194148349757,330.24371850798536,4.783588170164845,1
278.1991181035044,551.3862583332024,5.197278586940675,2
446.2837902169973,822.2269946199997,6.007907599491432,3
233.25036760989025,305.16846705961837,16.81455398364485,4
230.0188846275461,329.34707835374496,0.6400153964880658,0
196.5344798280548,329.14531782348166,7.387912434643491,1
235.55988977195824,376.3385945924788,1.1075359596403327,2
405.5784552830605,670.772753466984,3.6917370087906347,3
232.57100456454864,307.8672776607222,14.951761619881646,4
230.015667955317,329.80236725742435,0.6529306020934764,0
203.7066774466206,329.80236725742435,4.574886747466392,1
269.0683211476085,529.9292475954884,4.844055896019764,2
450.67610051686967,723.9944956827145,4.824344542617716,3
233.03026730810774,321.46459037391537,16.25658579327833,4
230.0160425147131,329.3911942148186,0.6448083648332408,0
214.57426766740016,329.3911942148186,4.184476732909769,1
280.3482445756901,585.5205959332764,5.158308373710165,2
600.3036948659577,949.2073644497183,5.650908964854217,3
233.1300185272015,346.9152504894529,16.52336923935856,4
229.99872594964313,329.3163430369801,0.6475436285347282,0
200.24048784957532,329.3163430369801,4.0987830067712885,1
282.52449428514325,558.3577659395805,4.1989829255304425,2
488.9089188146109,823.2315431100678,4.8560173805547535,3
232.08700781533042,343.5865452128801,13.521913876804852,4
230.00236458154893,329.06922549950866,0.6487910901368565,0
217.20014876534304,329.06922549950866,6.784699101936216,1
243.0453121871378,415.8760424240032,1.976611793579767,2
485.8014051733496,933.6472097269051,6.422480679497706,3
232.98605257115628,323.50366052375875,16.172920378268326,4
230.02615182008014,329.96257912207125,0.6514227206149975,0
203.993252822946,329.4552896191709,4.5400612692400655,1
242.03233957569117,450.1770750088836,2.825386968143515,2
556.5806820169473,971.1780163981273,6.616253308882963,3
231.69609469337877,324.4348243374301,12.089399006305921,4
230.01554093700315,329.468489883689,0.6465735790933096,0
215.81493142527654,329.468489883689,2.9897781362138858,1
245.9522646339602,422.5352269910362,1.8226024029308487,2
435.26661488513315,695.9242203059044,4.7518742166780665,3
231.05416396120302,327.8993392755364,9.535969611921615,4
229.99539688860162,329.51286494329236,0.6521783325716589,0
221.43211964605942,329.51286494329236,3.7766693879980653,1
244.14659274967073,445.10080910481304,2.1732817747269064,2
526.9026691942635,965.5779852927498,5.701117751105348,3
233.09779499908,352.1242260253796,16.493505014523304,4
230.00439895338673,328.77850486977184,0.6450089305392838,0
220.05536446343834,328.77850486977184,2.1899676935354977,1
243.8517734233251,400.2068999429857,1.9043485210543987,2
477.5287286615462,980.9943858135116,7.52797243462367,3
231.23990247378592,339.65342664338107,10.399142093677751,4
229.99683635221083,330.18608448248574,0.6515976072762132,0
218.18902222688558,330.18608448248574,1.624874801606915,1
242.60707347773277,435.16416749929556,2.746313459418707,2
449.34519526459144,731.7454232724933,3.891728319307524,3
236.15570039800392,312.3286807384536,23.30620832772081,4
229.9969938971455,329.49074403961936,0.6457191599820196,0
222.60423066116414,329.49074403961936,2.6100487768951037,1
264.99609837244066,499.1672945392097,3.1083627126933924,2
375.0533819018047,663.881154524012,4.195556086453682,3
234.7412512692653,308.243755067465,20.426428259789333,4
230.00962322664424,330.0725290937134,0.6413204337025055,0
217.01744082727396,330.0725290937134,6.1291897875024075,1
267.04698313232717,573.4229222404192,4.215338047105576,2
396.17131192667813,679.1945663569792,4.689159686145833,3
233.11300714417774,318.85428541188065,16.49518825732771,4
230.00042214904042,328.56231307825857,0.6464186598375539,0
219.15591162529373,328.56231307825857,5.918803728344653,1
275.8155001457583,587.600719053065,5.997005380475265,2
546.5675722918617,916.1321177146065,6.085159222382213,3
233.08892712792272,321.17094025856704,16.45592998360719,4
230.0013507686451,329.32245733448514,0.6419380616143917,0
204.84450277592754,329.1647765381507,6.2133857880626016,1
262.53222742160295,536.1151361196228,4.47916691288911,2
476.2062068155906,772.6045176123853,4.2418580907250645,3
233.0366118249499,335.4264040451955,16.31253748560497,4
229.9930981977387,328.99710978823964,0.6470814928148211,0
219.65906800007645,328.99710978823964,2.165873629666059,1
234.0355753225141,372.5289531054893,1.1719647115437768,2
430.8054433050367,683.0041978626417,4.483674955510291,3
234.06917800822538,309.26559227652166,18.92160397027182,4
229.99594318284363,329.79558906109696,0.6472230119122968,0
205.91573358155924,329.79558906109696,6.167547507780126,1
243.71332220437867,413.43956862065,1.6750940983496936,2
441.3123394264116,804.925259315861,5.048083877721048,3
235.67924058473182,300.4858825697875,22.377546895520823,4
230.0044704159923,329.28668797731035,0.6477745499884281,0
216.69981381927212,329.28668797731035,5.422411647264544,1
271.4641321602892,533.9876686918351,3.9160279666808817,2
522.0756764296699,920.080266245707,5.0321751356341,3
233.64821667219658,328.7637571743611,17.882511629068336,4
229.9762596052629,330.9428685098799,0.6475006919717629,0
226.29393459113325,328.63851262753457,1.140590177295224,1
235.67247443393126,378.73505846287827,1.219561259462628,2
570.9754688291558,969.9034363625354,5.434738633058614,3
234.32072786379052,337.5129053485825,19.54029137449122,4
230.0099531136617,330.02461364018575,0.6475273852365792,0
214.35334583384085,330.02461364018575,2.2242120583489866,1
257.0477770421569,564.5591820057886,5.30749612205054,2
507.2274881042087,817.3828693079076,4.310454892234959,3
235.2703177318211,323.9722554315471,21.519121639741915,4
229.99522119689857,329.6409633641354,0.6503978058217841,0
224.8513429361523,329.6409633641354,1.5277536637544447,1
251.70065106474556,447.21507739523287,2.746740078659288,2
402.17682657441065,769.4481473767504,6.216179689116203,3
232.27483715732052,348.2871819624491,14.129597100897225,4
229.98623264850673,328.98813118880935,0.6469240792574157,0
222.8007872023356,328.56744947166607,0.9449367250628357,1
241.33840357765897,434.31232732561136,2.551087650091056,2
501.96373915268833,873.722402113927,4.940759247517448,3
231.7162001193851,339.8391278135381,12.305757324493747,4
230.0114498298266,329.0522451441505,0.6493827136141586,0
220.21999418232545,329.03251420960925,2.7765489129279093,1
289.05692019916745,574.111170969706,4.40036506088066,2
548.4637830096947,942.1841245276296,5.857579281780957,3
234.6093592715351,316.4080115910653,20.10555191682819,4
230.02098750822046,329.6979908498586,0.6525155279950782,0
217.2207946250381,329.6979908498586,2.4217220945425875,1
236.75530034081788,405.5324398615536,1.8182581883150424,2
410.59497908684705,819.3134392064217,6.698135775498557,3
233.854435689405,335.6967902682084,18.34477041327255,4
230.01353082326935,329.167189224243,0.6449504958131992,0
206.41645773000545,329.07247873422614,3.8085489385344022,1
260.64147114634244,493.9280166596805,3.730579909845931,2
417.8880299003632,790.8920019117264,4.836813389044538,3
234.39471665422903,314.357700076495,19.62168332516483,4
230.01202325616103,329.53829339226314,0.6508701032876439,0
224.4726266962566,328.8139406015429,1.0675853120095251,1
254.26712530682516,489.5051672094178,3.9544253826622877,2
552.406314866093,906.544729309064,5.7808859642908415,3
232.3296423415193,329.9365119753476,14.246724915276419,4
230.00818949148848,330.36637450983164,0.6424506246940105,0
207.5399408619445,330.36637450983164,3.6707609262515497,1
271.62495869839256,575.0001546251434,4.816375035832058,2
497.55879903305026,923.4571962758716,5.426896495076304,3
234.01873499758292,330.2102926005174,18.766950096591206,4
229.99580981750358,328.9932283671693,0.643551541173121,0
224.246369231742,328.9932283671693,1.9500279075751192,1
256.8452331311426,448.56551048960654,2.8209287962591545,2
388.695850770026,729.9128639451002,5.75203957605345,3
235.51006804775787,310.61596198181644,22.038425902470024,4
230.0142140211878,331.1927540160977,0.6516671938920716,0
209.17166460143392,331.1927540160977,2.2983101216469253,1
254.27707504106908,490.4498480062769,3.145520192572483,2
442.10137613934614,804.3261116413045,4.99251822518392,3
232.93661677913445,309.8723210286957,16.0048805483768,4
229.99262604171759,329.3520657870493,0.6440162609437925,0
200.5812436781551,329.3520657870493,5.022469387948025,1
235.7564920349691,399.6500216426842,1.7397825348129197,2
575.7900066985743,968.4693193627729,5.659403380386884,3
230.8262224908029,332.8870325805499,8.546235237266874,4
230.01140864789284,329.31036878847846,0.647291434616992,0
210.18460375136235,329.31036878847846,3.698374681007594,1
246.45251974840016,420.8440504058804,1.908068619328868,2
408.90815087233483,706.0962630042178,4.720299881954135,3
235.2356079487339,323.25211302582125,21.444179740984705,4
229.99676093789623,329.3345598730544,0.6457960186277523,0
210.2770481317048,329.3345598730544,3.9950342419292317,1
258.66270764611056,559.3392324718906,4.694904585633507,2
447.7048825859413,718.2587411063237,4.74350890430458,3
236.2188259912218,306.3121966759902,23.426812528602888,4
229.983055400995,329.51262030948106,0.6422985553331142,0
220.3043558087955,329.51262030948106,3.0646946324343034,1
265.44665075272985,544.63349115579,4.064081256232703,2
519.083501153215,915.1727869503562,5.11907756060699,3
233.29308161524344,322.4133626816923,17.039532495564362,4
230.01114807737807,329.7507845316977,0.6449144920589335,0
218.5831985006159,329.7507845316977,3.112829074758964,1
271.48555919735526,502.7530055570433,3.314491607568684,2
596.2899634938315,972.014305875724,4.888614150921828,3
232.7607179251968,345.5308589478704,15.52212906352873,4
229.99536555960336,328.909699709261,0.6466223314813981,0
222.2646989930971,328.69168446968763,2.556011073536789,1
289.85640021941083,589.5348073999276,5.563587617129736,2
422.73748169754987,666.1367009252917,4.497493735294008,3
234.23759434693707,335.1804725739733,19.30629117938768,4
230.0001178365767,330.3142940636378,0.6548661119184901,0
222.22847025326737,330.3142940636378,2.600362414246602,1
259.0880556572118,479.0654789182443,3.470036545677404,2
478.36154293429314,750.1032601876097,3.5468146170484007,3
234.5931387979549,301.35575550459424,20.09545030927321,4
230.0246679214059,329.58970016494993,0.641940592479044,0
223.46658664467432,329.03967124784856,1.4403344784618648,1
265.6927061614717,502.51093186755486,3.5214388754848565,2
461.4843369546747,924.0122688545663,6.985066753516627,3
231.18452493909453,326.2084119855249,10.075557393976498,4
229.99765199315001,329.1330065057261,0.6553255751915102,0
211.80504475056478,328.9422472127456,4.756995990781605,1
246.76013354067888,417.69784675659304,2.0469378893348584,2
498.5047468571367,809.6897269259774,5.091248073493839,3
234.88943585405434,282.2098624627873,20.744845217554868,4
230.0123208048535,330.0687572986034,0.6511714103272382,0
215.16602138447007,329.0288414608954,3.1720520365315896,1
246.48860018368796,445.88618142871917,2.0068489425730625,2
438.5891008093984,718.3133942820792,3.701363204957401,3
232.1816554174192,349.07208107317564,13.782211486497234,4
230.0277586622892,330.09181526105374,0.6418710344770252,0
212.08745138315183,330.09181526105374,3.2896389377925925,1
255.35945436020816,507.86221051050836,4.225833490962073,2
458.4890956582129,926.0828411909343,7.62618735167577,3
232.5692276012827,307.1817169793287,14.920207761544388,4
230.0193817357574,329.3752445807113,0.6505801516119516,0
196.4311111923283,329.3752445807113,9.3986376709005,1
278.0809478794681,535.3168422915371,3.332398994596708,2
433.90578917426205,885.5982843387818,6.504399112472234,3
235.52059788590168,303.30500566704,22.011137287818475,4
230.03069890152685,329.36564287080836,0.6472783073620332,0
222.44637302788615,329.36564287080836,2.9552591606782324,1
252.24106371211383,503.95948762314333,3.6483094916214585,2
501.7777741490808,933.4611886596275,7.108652138944471,3
233.77484934352034,297.11811726805956,18.127797958300523,4
230.00064639791216,329.9101804724327,0.6439689701518808,0
208.63512390305297,329.9101804724327,5.905036802437813,1
281.41119689294754,551.1653899060507,4.123066797846596,2
402.31497753837476,691.2503127770402,4.923086219253232,3
235.21703757714167,328.0280489932344,21.42838576324833,4
230.0421928329316,329.2572230038365,0.6526536539275445,0
202.09637098082806,329.2572230038365,7.891308350609299,1
252.81881072482682,519.5432544847793,3.876496061223879,2
488.98365165773697,936.1396996265623,7.045880140268372,3
232.41303069617928,333.0484447403387,14.408992216832491,4
230.01770125589834,329.2693859645618,0.6477932204885003,0
215.18282826397632,328.7557012780655,4.021368122359662,1
240.33909454960073,426.674261721904,2.5617671863365206,2
388.05020055946335,706.2712167962345,4.253644559288842,3
231.03644497806926,325.8772069127111,9.4445312490398,4
230.008694331197,330.41897779992934,0.6480727973956125,0
216.10119187437886,330.41897779992934,3.2070439490262115,1
268.92269511046055,553.4871680441732,3.9407581805233765,2
513.0228479188607,809.7944156809551,5.065206399764448,3
234.36721149779387,316.1232281522057,19.5707481128962,4
230.01394693297232,329.0767322404199,0.6556676749534436,0
210.3625871659568,329.0767322404199,6.276096982145931,1
234.36391692876725,369.4039752419547,1.2044396986947274,2
522.2776561556103,906.111670874149,4.888242708039607,3
236.34295337831952,308.032492801245,23.629226581417303,4
230.0015990814716,328.72263471302995,0.6448344759083298,0
196.5528868492704,328.72263471302995,6.582950639316226,1
246.41328609959942,461.13289518839105,3.1976438039830066,2
450.78040654818005,842.6717120839679,5.073562403643506,3
234.68612973968393,322.2115927065973,20.296035855494022,4
229.98815534664104,331.5465996272187,0.6514028201649733,0
215.23920238462787,331.5465996272187,2.4341082761724886,1
257.614886959485,459.25660706754115,2.4034671777293752,2
544.2362993175595,977.534077092921,5.36731655364561,3
231.74037143044336,334.750625264371,12.384902247445686,4
230.01561112615965,329.62041544477165,0.6524515788466256,0
223.84897702371507,329.62041544477165,1.2800170102852682,1
247.3184890331178,469.9160773359744,2.99248232965223,2
469.459748929598,884.5735794770304,5.630063455525852,3
234.59443159100545,317.86821035283435,20.063324247369057,4
230.0210536529033,329.63867922607625,0.6535896360909863,0
210.03658036801318,329.63867922607625,7.182872350765635,1
244.69802687854664,499.8570668247731,3.0086732276461188,2
512.6055182038023,927.1955712500677,6.801283530129776,3
234.01784572728286,334.22033210466674,18.73437651080449,4
229.98832246643406,329.96816765636515,0.6437807115087913,0
213.56688126359109,329.96816765636515,3.2254753446546083,1
248.64701707978895,460.416644140834,2.8238850502099897,2
475.80300148272295,899.8834761592043,5.846154132943253,3
233.59923325127966,338.16643378824693,17.80171139717332,4
230.00289048459743,329.5098529755002,0.6388115610686811,0
222.11497641090935,328.5812824609257,1.2874440106018963,1
238.09883625366328,375.50581539610204,1.1857952326769565,2
373.65698417429905,666.646908133255,3.990492565871678,3
235.48607835191095,313.26201581075924,21.975082801175606,4
229.99561382366207,329.67558895360327,0.6503928723620268,0
204.2160798978847,329.67558895360327,5.854005790743415,1
267.6283888395052,517.3015535398523,3.738143291866902,2
388.0138816464465,751.7137010421314,5.371674902665423,3
231.7241127819424,322.3070772567875,12.30046316136795,4
230.00266614653844,329.57903314622524,0.6501724048852381,0
216.94171387087113,329.57903314622524,5.95059458377955,1
263.3205824983336,476.895680919236,3.2511187322946644,2
464.3339991413868,771.5995398068302,5.352835246188636,3
233.4753011574074,311.3536325172736,17.45508706868923,4
229.9984465106473,329.0214789214316,0.637691883967908,0
222.08759075890194,329.0214789214316,1.5497673286333606,1
253.67684261684434,457.1455051677296,3.3349925908308466,2
411.9255491972172,769.9247937193022,5.438327059547226,3
231.0999535991697,323.1961396432091,9.819564239184185,4
229.99892125767872,329.46796597633494,0.6503101540600827,0
208.9477543792537,329.46796597633494,3.8740258734733106,1
256.118023272255,452.7724283340633,2.629758100202255,2
409.0686790849923,731.3914366540937,4.524379431043334,3
231.21916642229314,319.9111189902193,10.335265772336566,4
230.04518340523109,329.1350881465566,0.6482460982720216,0
211.31951765543408,329.1350881465566,7.29140226651215,1
239.114897111012,385.73554895964827,1.4889397053207634,2
488.6639209842904,836.8338390983731,5.8675859976084,3
235.33312933800806,326.89443167181247,21.574404376937597,4
229.98979064261462,329.52534977570923,0.6517753350677218,0
216.34716530186492,329.52534977570923,6.817441411469405,1
277.5695697177055,552.5593280785484,4.034524857753475,2
501.4356647015038,857.110111452263,5.2066895764367995,3
233.23273215287932,313.8632096341779,16.865131244520413,4
229.9914109318121,330.12555141124875,0.6433284074712722,0
211.6483999414418,329.3943570577625,5.476826687902089,1
281.2959377948507,577.8966784282007,4.827291147016386,2
497.79267385517073,911.5348445410008,6.906107000034824,3
233.66781019965788,293.6906118271419,17.9633340215499,4
230.00270492837112,328.9719600613823,0.6528561314093154,0
205.11592060688352,328.9719600613823,5.944982599935202,1
235.7162501783587,391.25949445269583,1.622327485129531,2
480.23390713419144,845.0574250604304,4.60936685571777,3
232.76225012712595,302.28307368353643,15.551005158738212,4
229.99363330834666,329.48583793206774,0.6567083697959563,0
220.18582314778976,329.48583793206774,1.375677969239219,1
237.4078833730547,379.3912712258345,1.3966367787471599,2
533.8024671052616,869.4830161320449,5.5791251328982865,3
232.32815061026142,348.80764271022457,14.299566529403194,4
229.99134643563085,330.1681907160016,0.6528460544607374,0
223.58363104666827,330.1681907160016,2.0909185133764647,1
245.33535539950594,504.05603341194154,4.299815490479529,2
511.43115010221754,895.9870097664564,4.940184060663902,3
232.4943757694669,324.6625152457362,14.808206772665777,4
230.0294204641167,328.85573753979685,0.6445361962429664,0
214.0649320381606,328.85573753979685,3.3173132213982126,1
260.36263499413747,496.48294655306876,3.7316437902340835,2
593.4601010616584,939.7773845344011,4.9867242446258615,3
235.72480353524546,321.0412147200095,22.39986807101582,4
229.9960179658663,329.4486106821545,0.6482162993368369,0
220.24179777815195,329.4486106821545,4.970070098786622,1
235.19164891165647,361.9040160476322,1.0526635820150059,2
459.14104318995453,822.2124635023977,5.319854638870809,3
235.22899451598389,308.04707457554787,21.46312645311521,4
229.99883584505716,330.1190651714748,0.6427248281185232,0
202.8338380145547,330.1190651714748,5.29981274512631,1
264.32852203417804,506.32067902416634,4.06155402364509,2
482.71451080475066,805.5642226366797,5.20377582557165,3
231.64488964802277,327.5478611280952,12.002796921489418,4
229.99961574781935,329.64318603413295,0.6472921900570475,0
220.71589440587326,329.409516273906,1.478456551192883,1
244.65151699674777,400.643003356758,1.8232382597423762,2
559.2987801417781,977.2000465698401,5.1041368697733835,3
232.86990662652832,298.99652930331445,15.861208541000618,4
230.0232894983461,329.5520347456441,0.6449213357457674,0
210.44443022671453,329.5520347456441,3.2070632898840365,1
246.08885991807662,464.02506106507167,3.596498183428323,2
449.2924391837445,753.8975579572234,5.448653673517448,3
234.95696123378335,304.4575024283047,20.832811438791833,4
229.99613323758243,329.25205985725046,0.6550039985694011,0
219.44817994300413,329.25205985725046,4.263770494002028,1
240.15987418176832,407.14158638504574,2.1432290088026313,2
358.0946189507187,678.1283511913167,5.545489466150987,3
233.2105252973052,301.82669617683257,16.790221780952862,4
230.00087062624644,329.390133566123,0.6552490405476394,0
217.92966766956465,329.390133566123,3.0000650819878003,1
246.1729042339118,469.1299592146849,3.0264273802191526,2
383.02103893698813,674.3196637868307,5.148790394832528,3
233.49562193322288,343.7741970709315,17.51118635743329,4
229.9942763757257,329.6543876374087,0.6446645456272209,0
222.84687239725926,329.6543876374087,1.082187920326648,1
242.1928478799232,421.5613427696221,1.9389973014336874,2
381.21949068445133,742.2943173406536,6.098858871370018,3
233.07617132427615,346.68515065659284,16.438370731454434,4
230.021108597998,329.5879320408386,0.6451576572605974,0
214.1214420729851,329.5879320408386,3.94521855682147,1
249.6910089282247,501.96047037500057,4.104117215487223,2
488.37218355203765,917.8663460078873,6.14895809304503,3
233.44195344648674,325.5045583866144,17.322761126819604,4
230.01164805229197,330.4630470317171,0.6421373335176949,0
201.58328724862557,330.4630470317171,7.585843044796434,1
247.2291363991565,498.1433565920921,3.0263574160520093,2
441.31828082705664,726.1222255086826,4.062780194622433,3
233.8348145079599,292.75754558500665,18.319976034670837,4
230.00563602897236,329.05535984816817,0.6535302276900385,0
210.43948263197174,329.05535984816817,3.4219552452461035,1
288.8838463380275,573.8789607093661,5.390220737491619,2
578.2470687097557,941.3628385480849,5.276260242492425,3
231.81255036806868,330.7609131283013,12.576573983905517,4
229.9943260088644,329.7309005139384,0.6469946780390755,0
204.15073612530998,329.7309005139384,6.042176628372433,1
237.66147273372917,410.49890793337386,2.3199470708183236,2
480.56758167080005,879.8677727204453,5.256193438883605,3
231.36757220490009,333.78043780584824,10.963386063289994,4
230.01086860723947,329.0245561588237,0.652541450319114,0
211.89191578748483,329.0245561588237,4.452511249283211,1
262.650673941211,585.9470858528227,5.328702271609533,2
400.5638823187137,706.3276789158011,5.362869839412843,3
231.51677782069615,340.2997341220844,11.480529420278724,4
229.98999328130958,329.30021285713303,0.6488888037951189,0
225.44133089361307,329.30021285713303,1.0389998942197882,1
241.7530463459942,447.6101665456633,2.8477143011859276,2
553.2196177362456,952.0657182176876,5.288423305863925,3
233.06245711788162,350.0089940743739,16.41339657840971,4
230.00456051862085,329.00091158599577,0.6535376723015041,0
218.2679798540937,329.00091158599577,1.9291915088374652,1
240.15565274838067,387.53583818961215,1.308585933517953,2
461.6407881409669,785.6485331365681,5.271888633578081,3
231.16019656965756,331.0513983864729,10.058429673627439,4
230.01020420207755,329.36758673551685,0.6472480169237921,0
211.44129800848057,329.36758673551685,8.293051671960534,1
283.01298964192335,550.8127058703798,4.371860908930041,2
526.520057221388,981.2459529202761,6.959300344725882,3
236.62750785829897,308.5591305409551,24.168424792402142,4
229.99367880210147,329.85274254122044,0.6433375894953199,0
208.8451732081621,329.85274254122044,3.2515368435597902,1
274.1553742578317,539.5030851166822,3.85107033214282,2
523.4740771872048,908.045468551982,5.800097379464891,3
231.43247749880365,342.8848682663581,11.221713729871572,4
229.99263806988333,329.0069949255014,0.6472408876987414,0
224.2151655694647,329.0069949255014,2.15962895613643,1
253.18922877612513,478.0969100715072,2.5554773614684287,2
445.0554532486474,782.1569853097484,4.368473189575697,3
231.6480794035257,309.6104121309956,12.037406392416528,4
230.01796365119466,329.26998665061274,0.6496494822334072,0
215.25954866062978,329.26998665061274,3.0838109651011596,1
249.64848560633538,457.97649708381977,2.942148137997537,2
456.24740799727755,725.6052377720273,4.368621859867423,3
232.9113534755174,332.82617482095736,15.924654297778298,4
230.01843347628792,329.4686806281643,0.6393512822661326,0
217.85471356944586,329.4686806281643,4.941912726001823,1
268.1048957728579,552.3281551782721,4.615582671015185,2
456.37362134546834,870.9204681931839,6.434066646774155,3
236.2249622406135,315.8988637042882,23.39587627805157,4
230.00108010077113,329.1156949308681,0.6482001733700574,0
221.7662725516056,329.1156949308681,3.5856738625802507,1
258.4094942806782,454.4399741821657,2.660868403935039,2
439.1273334792962,868.9583097419167,5.782942893150603,3
231.7403580475763,314.86664558518555,12.338529641720017,4
229.99427019673107,329.111750204757,0.6483239273932037,0
221.59991625071865,329.111750204757,2.6900314536484085,1
255.00654017656916,568.8028361992036,6.008024819899011,2
374.0787109548155,721.8290351263281,4.711090263802271,3
232.9405831693324,311.6370565862266,16.07108782357762,4
230.00065776492605,330.36971130161595,0.6426657914173105,0
210.8710277200171,330.36971130161595,5.0074534084483595,1
236.68091754185198,378.3149182264267,1.2059551877423547,2
587.1725148579333,939.0163797991346,5.1004101915951985,3
233.3143991483027,315.7499426841456,17.048504400941095,4
230.0230638978087,329.3745417143896,0.6419957312595311,0
214.8848900126945,329.3745417143896,2.227583264168836,1
233.57459057850573,370.8017544860636,0.9967454795881366,2
473.4143999186318,950.0444728600526,6.636030292755935,3
233.9075999075887,328.15046456062106,18.46700263475928,4
230.02028466675202,329.9578569121973,0.6479442906363405,0
212.15105473048274,329.9578569121973,6.3695570315228975,1
235.88221027692404,395.397248509304,1.6821382209423423,2
440.39436785831384,861.2420264480188,6.656747747744726,3
232.57392114369995,341.285657785955,14.956522894187707,4
230.02931895495541,329.12619024483433,0.6440827790041262,0
222.3924259629436,329.12619024483433,2.2141522893415906,1
247.74844118256706,412.01118468987517,1.8120204534378563,2
352.39430535294457,681.0744319354006,4.245962953378124,3
233.4404010301478,332.5263834989589,17.29752486027411,4
229.99058978038926,329.06690641280255,0.6467003628502073,0
224.01015144171487,329.0256962532911,2.173144192315152,1
246.13057113397872,447.6594620669997,2.43574187253243,2
494.00965491463455,826.6306305691819,4.859282868015393,3
232.91993422502424,343.99591928603286,16.024585820930444,4
230.00517604503491,330.38578685808915,0.6500487905200325,0
220.64666527914216,330.38578685808915,4.011201937439367,1
271.421085358152,528.2564909834418,4.1780441247479985,2
544.5805033089009,939.193560261789,5.555943094053677,3
234.80907942631802,299.93263775204525,20.555394231121145,4
229.99164339194252,329.99419514371704,0.6488124186995425,0
216.81149413995092,329.99419514371704,6.012469301206203,1
251.47061678102133,492.2011274761464,3.5970479376778925,2
472.61451998474286,866.6596735561797,6.20881030534505,3
232.7062862004914,311.98942012677804,15.423640702729571,4
230.01319016744284,329.18778045671786,0.652080445237289,0
217.92853339747782,329.18778045671786,2.1612465896223605,1
281.5062691590517,589.3761402223657,5.663629325968285,2
480.08964424386124,751.3049581603142,4.609106152287139,3
231.49404054442064,321.245489193535,11.384527400377348,4
230.03990237274874,329.85947015024715,0.6484050612220756,0
214.10891923775515,329.2960296378001,3.268283054475262,1
258.8256651523127,536.9108705366415,3.950710929681969,2
447.2294514321952,773.3634194451458,5.192076810974154,3
235.4976002478984,322.81645171138115,21.921900679464716,4
229.97760822303624,329.1467047909107,0.6443414339800455,0
210.0608404079771,329.1467047909107,5.545485756032069,1
254.2457836237766,500.62420321441357,3.828039540273505,2
592.6297240404599,932.8663821004671,5.609207641233713,3
231.66387039496254,331.9815296724401,12.14927001045619,4
230.0001984754249,329.66057621546025,0.647968292227466,0
212.88801965069857,329.66057621546025,3.5443684105466398,1
240.30007067089653,384.838787268452,1.3804897343499594,2
481.18565995508044,841.6492701008297,5.641790129271067,3
233.69966633044746,293.3562565230164,18.0198053969136,4
230.03473202356702,329.6791831267049,0.6434172848375349,0
213.3014505407353,329.6791831267049,2.3603378535508055,1
256.84048274368644,467.83980724905723,2.681114225608473,2
442.81808627241804,722.1413560064432,4.628503669633988,3
234.17959964736818,305.93494491365635,19.07995556677967,4
229.99952857282287,329.5798413140719,0.6492215156598656,0
223.79785070690275,329.5798413140719,2.5223704229941455,1
256.9817239545505,490.75060183217715,3.467318292333378,2
418.41353963529184,687.076145702542,3.819171695982362,3
235.19876895653428,324.96472658320636,21.392985463164134,4
230.0418832297264,329.4276605620648,0.6499390010847556,0
225.1978027689339,329.4276605620648,1.2521573181242753,1
240.2717319690471,403.5891819967475,1.5569556002948892,2
540.00551032186,934.4742795063993,5.13004472446966,3
230.9342655782347,323.9707392214653,8.840845876627993,4
230.00491161101573,328.4081444633121,0.6448028159630155,0
196.08917987502434,328.4081444633121,7.432868797740097,1
262.458821905111,478.6233830803578,3.7147262620319212,2
423.473846426494,856.9136823322144,5.755897518229219,3
231.095781565134,337.8968562599577,9.772458054171091,4
230.0248276139985,329.8294654383516,0.645203466141824,0
199.850411753444,329.8294654383516,8.09481690189218,1
251.9113164086634,452.12548105244275,2.7266485716896653,2
531.9294294829856,840.4942836477225,4.859177591491521,3
234.64574733915717,313.0663346570894,20.155513074501645,4
230.00055686363598,329.67078817663963,0.6518525526748096,0
200.32035271185458,329.67078817663963,7.443582655121762,1
260.21517375789136,511.0737123379025,4.41968927780931,2
427.9243815748265,687.6923436923513,3.569871464166299,3
231.77250872724028,318.42221510243496,12.454215391088182,4
230.00113329461422,329.2080383219765,0.6443050169268673,0
203.51759191098247,329.2080383219765,6.584540991541024,1
258.85953795532174,479.58487400443596,3.381369745870741,2
526.3590352563164,857.0281420392486,4.3641562475072675,3
232.97779508532133,337.38922521047186,16.153633686343795,4
230.03063221333935,329.4889284371265,0.649470608850407,0
215.2583207882698,329.4889284371265,8.903830376734332,1
267.40952172576056,511.00079994973044,2.993102912003522,2
528.0644531180579,918.2681878271206,5.359735716280502,3
234.26721024488816,326.6374448258984,19.2919344294527,4
230.03308094107012,329.85091730614,0.6482531223680216,0
216.32847700687867,329.2664282564246,2.6177579381185376,1
245.35833437750324,457.5261741816543,3.0754434657700047,2
460.1571345546851,749.9441904943194,3.7490213213193546,3
232.15990477276287,334.1815611340989,13.645422998380418,4
230.01749754714956,329.86124673096907,0.6505837514319647,0
212.91981708888193,329.86124673096907,4.112782784226581,1
257.2504577560566,507.2816716310479,2.967936811970961,2
457.9743417477785,808.1769119977065,4.443610381741704,3
232.3832561648452,335.43344047850906,14.394180964061828,4
230.01221431303688,329.56556984074655,0.6462232442512531,0
204.79583240490214,329.56556984074655,3.325771656142159,1
243.5254250311584,451.7606136367067,3.0057202918318615,2
442.9039873375999,724.4372522732925,4.769765198950236,3
235.65389010272474,299.6921214974956,22.293702624125597,4
230.0058551915399,328.56915821479987,0.6504172516543475,0
198.17032484158702,328.56915821479987,8.281018272098482,1
248.44443501159063,422.5143597864575,2.15519465550792,2
459.6361842946777,935.9570019684112,6.135202654397414,3
236.72717692220112,314.6220735826762,24.360538344480016,4
230.0029983387872,329.95628081985035,0.6437092125205425,0
224.0351199966191,329.95628081985035,1.702168786426457,1
245.53406356847336,483.99114699265266,2.8175756429739747,2
445.92187906112673,699.6983519469195,4.062926711919642,3
232.56185958044,355.09130807351113,14.972249053213075,4
229.99508984036092,330.0917036556624,0.6457557278305828,0
211.54437603478507,329.2241857888753,3.9903746797982538,1
282.37297815906214,580.4851006731113,4.5160577464409695,2
413.07186688602906,752.0473853958804,5.289668074772537,3
234.764675373496,291.32665812024595,20.48147138961141,4
229.9992797678442,328.9884692609514,0.6502621132271064,0
217.16261191272005,328.9884692609514,1.9383066948385568,1
243.4952904535102,414.67602089714876,2.0555549047313453,2
542.571790745941,862.4318488336247,5.447239014378624,3
233.0422216031411,349.8841288215263,16.333680880216743,4
230.01347035431735,328.75340343141744,0.6421612365265552,0
203.37357948992786,328.7308714680491,7.473886217780532,1
263.93728741983955,473.7573095170815,2.9394234207570027,2
541.563633984335,888.2664588736453,5.12058209907562,3
235.4088881533669,302.74254093206395,21.79618740409324,4
230.03339324803378,329.7562310434711,0.6458101909093277,0
197.59246074737885,329.7562310434711,6.968099967421168,1
236.84619690224199,389.3640832592292,1.5370001307593157,2
494.26459074338146,857.2947357259696,6.057039191278447,3
233.2949497286461,321.1323069408023,16.911886223194273,4
229.98622529207563,329.8265924703826,0.649223601161598,0
193.5694828997763,329.61091967535043,9.351198341916863,1
244.88122414328606,424.4203129028987,1.7740605920527435,2
494.8983182437759,845.1661378028433,5.837102370428806,3
232.52090522515527,320.347331236456,14.901869325386,4
230.02046962812,330.04573299646444,0.6454182865356713,0
218.8353587173274,330.04573299646444,5.1069326531843835,1
259.83495607528187,478.8356122742772,3.273617037928257,2
392.34518752025474,755.9039914114327,6.38053004295102,3
235.47951601341202,321.6490699919498,21.925480973277978,4
230.00054055442772,329.1644149531912,0.6375058686304744,0
219.1762290132458,329.1644149531912,3.6608517555167857,1
268.3939863486426,589.6136473545437,5.317640124693936,2
417.64154973043514,694.2865454230653,4.985671391395425,3
231.5834793005167,330.765964250714,11.769974484954737,4
229.98744404946734,329.10088612933146,0.646643710779558,0
222.07249893550062,329.10088612933146,1.8735142783747862,1
255.19320221769044,439.18696502739135,2.295354152693437,2
403.7952097131985,746.2841991650512,4.691645499034718,3
234.33953985012076,297.7640338045265,19.557069075997987,4
229.97617424842707,329.21326122658184,0.6549002463740067,0
216.80668393635483,329.21326122658184,4.405300334374373,1
267.0516107906158,528.0472033239827,3.3704531360379257,2
410.7690198436742,683.2912822413275,4.715974532113141,3
232.39532171929554,319.0862113100431,14.557714018808928,4
230.00220705013083,331.39212566119375,0.6481645809010075,0
219.93220598540879,331.39212566119375,3.3399186071186664,1
250.55837097657238,495.0612797655447,3.6045366830281007,2
364.01448084590226,683.8920057324309,5.204764483745639,3
231.62818088825077,323.4444159103303,11.92952557008097,4
230.00662358910392,329.35036126361064,0.6589115920400942,0
225.8141497668116,329.35036126361064,1.474715729725413,1
277.6835309887989,571.7479343935954,5.2428055076145235,2
433.4240490547481,852.6510546213902,7.24905841301719,3
233.09442347904974,312.3731308182716,16.454326882038213,4
229.99862186049762,329.08179412596087,0.6458779347015656,0
208.3906460154053,329.08179412596087,4.248564037849426,1
259.5384715060371,458.4526062610191,3.0928815117933155,2
498.74550074922,914.8769457846786,5.937634067483611,3
233.19213246266978,304.68945353185245,16.73484633675447,4
230.01303438109434,329.3627929284033,0.6461877029746939,0
196.94946549913783,329.2239700123439,6.217707662856149,1
248.70061074494828,426.07164397129435,2.634677443724413,2
438.7331375023934,860.0810945178677,7.131930241747137,3
233.40671422918635,298.83797837126673,17.253778181508327,4
229.96374751010597,329.82113622590975,0.6499588154275429,0
204.58343561789832,329.82113622590975,6.000025242513102,1
241.28031908287426,383.5577524565151,1.2575184863656494,2
581.2167675924662,949.1082312546056,4.7060156060799665,3
232.23983571108616,313.47076551524157,14.119578652827899,4
230.0139421245507,329.852335288971,0.6440982355298221,0
205.2134886520896,329.852335288971,7.496314027500102,1
268.02855384041294,538.7901789632613,3.746692464981055,2
446.85875840455,699.8928435453828,4.311728668092458,3
234.16292243296388,290.1294412712177,19.09038624800301,4
229.983740882611,329.3752731076956,0.6525601210048466,0
212.46795248814811,329.3752731076956,2.519004782139079,1
277.6860349413848,545.3954396255932,4.045943360669675,2
568.6692645747834,955.310227160097,4.713347445127891,3
233.21659425946257,304.98171037234954,16.838988696048332,4
229.97033381175822,329.2459612109543,0.6406980922401488,0
202.55823468436034,328.45735801784843,6.411336855928437,1
251.7365178916679,427.67893265565664,1.9844493639669563,2
509.7769665742489,884.6966287422803,5.529052449092027,3
232.19415780137098,319.21769491207846,13.955451023599242,4
229.99958739660485,330.22964802740154,0.6439092976334935,0
217.77563918189676,330.22964802740154,7.699635357769208,1
240.92864799891356,387.18570712911657,1.3271001118941081,2
461.8521913381383,812.1701077429021,4.984400320619259,3
234.45154257800576,328.08698581100526,19.781429296980974,4
229.97503015530103,329.15782041544713,0.6448888067258409,0
221.99449681646,328.90551468209486,2.9329558568110246,1
241.04617954384534,381.96533798666894,1.303958035542972,2
583.9520266798481,963.5654528743624,4.984472593439078,3
232.96621551104903,319.85389960984793,16.194131586952185,4
229.99697202202074,329.86806726856423,0.6538165914801962,0
202.29249938245994,329.86806726856423,5.174329692270165,1
287.305443901268,568.5613446298443,4.884612669448464,2
488.8944250339574,794.6076345287453,5.132217459656922,3
232.18975074465078,313.4521470987748,13.857259445994494,4
230.0152767141,328.93323310441383,0.6452771588622217,0
196.53697132163242,328.8382597217557,9.280687405381883,1
262.9039245555279,483.327740203987,3.4968679855096974,2
520.2846446585617,891.450107540768,5.785841493238134,3
234.42091497124994,315.59078386357965,19.676758251371112,4
230.01471824578996,329.5506286955458,0.6535156186260622,0
215.36086038570167,329.5506286955458,3.219646281977591,1
246.89779029145654,420.03503658293704,1.7204186846076677,2
446.0437303097286,721.5560227762661,4.662183966177205,3
232.5530574063971,354.7219969129999,14.91192631775088,4
229.99608452083118,329.02642717541056,0.6343799418077208,0
199.12102526606148,329.02642717541056,6.949504945890726,1
261.14702686584957,500.93188216436306,3.428455652147419,2
536.1741804746224,939.2770412462075,4.918926599381536,3
234.91996057508024,305.6645166495632,20.812825794840865,4
229.97987197580684,329.67905987805085,0.6450474676480389,0
222.23168673777303,329.67905987805085,2.843530890594805,1
244.25401908576387,445.5281822821758,3.1867649565876217,2
465.32300193269015,798.1701006152573,5.698410612746674,3
236.26467757104854,305.03268136635603,23.546975554646092,4
230.00140487264258,330.55658268518164,0.6430263285203741,0
206.76563881465108,330.55658268518164,5.970323405553881,1
267.77218582978554,534.1598634630394,3.757652440010227,2
434.8763622209442,813.2803608340458,5.338658469316757,3
236.21747416374515,310.0027652643265,23.415059923659392,4
229.99516676406216,329.9879589751826,0.6511762328348855,0
219.38977654102132,329.9879589751826,4.240025057656607,1
239.71468420619408,406.0329700473581,2.033327272868867,2
380.4504276079848,754.2315229908074,5.6619424325047145,3
232.28814643469588,328.9216212422084,14.171107966220573,4
230.02743512200118,329.2636535491713,0.6485700078312021,0
198.65757302150524,329.2636535491713,6.515549745662688,1
242.83943749883346,430.27657276548484,1.8329702772425078,2
476.27791931733753,785.2111545800757,4.785185910656556,3
233.84087954975024,318.1167438461598,18.296107459956097,4
230.01383705536,329.4981735312521,0.6542181851624501,0
217.4210518932743,329.4981735312521,5.853516479662373,1
253.70177464834845,449.6236599065383,2.527031593655798,2
479.21385276420364,811.0037879551971,4.886239977749899,3
232.07798188668426,318.8966319426943,13.44325839051741,4
230.01533508778036,329.8775794807817,0.6499266240215623,0
212.4724845297051,329.8775794807817,7.494057851851366,1
245.19834384326845,504.32645937039035,3.5531687160331975,2
472.35843864652344,822.8399151512341,5.53875329030612,3
231.61108232060843,319.1060962146768,11.817826550205554,4
230.01408736407396,329.2889567680909,0.6508848345846174,0
219.05213042244588,329.2889567680909,3.7845800687400004,1
253.80487648102246,568.1542589684592,5.101476502184521,2
555.4105494711439,967.0825101695087,6.597244057794159,3
231.35971969419788,316.2318670678007,10.852431932742528,4
229.9907956095911,329.44364344267893,0.6481221053759754,0
212.8376815628776,329.44364344267893,3.789512585966882,1
247.75178964281375,432.96368726269185,1.9438266794462418,2
457.86008122038834,758.645478942273,4.952213098947573,3
231.57165789664222,323.8170404888076,11.763085734693862,4
230.02322153414408,329.83048886602694,0.6473004061764445,0
194.96167111532736,329.83048886602694,8.348703159068009,1
267.1577385462596,560.165754278393,4.988925779131357,2
439.86667780008224,747.0775684901128,5.355401660951194,3
232.28696807886448,312.63712781596706,14.079189302530517,4
230.0020188174265,330.01947597853206,0.6502602021781608,0
224.10367425991996,330.01947597853206,0.906465136959001,1
251.61739097713172,441.45360478860437,2.7660088395244964,2
504.6263002851668,837.7163820689846,4.7673656923815155,3
235.53207015151807,298.8536486766203,22.07021318888551,4
229.9964460418115,330.28332778436044,0.6436128291168085,0
225.01127725064367,328.7740965288414,1.2920244865071826,1
277.022210120961,532.9345389087767,4.600408269920092,2
359.3117530599944,657.6560901467302,4.750225487303476,3
232.58555503056368,351.04066820957866,15.061022250665006,4
229.99476160724763,329.34101125000757,0.6511097821950127,0
208.35319446734331,329.33917864056826,3.2923344422760805,1
241.9785155693599,429.3811021421651,2.3891139066920397,2
410.881612432254,735.1033431281847,4.869124587108444,3
233.14670110532427,316.7942853458412,16.62533753032473,4
230.02855613881968,329.5326486331657,0.642475034658759,0
201.05575367549415,329.5326486331657,4.75915630595531,1
252.90491443285703,491.5195551850312,3.3946821740099393,2
489.0455344578267,907.1453229504643,6.954312280286176,3
231.32248297377416,328.22509418570905,10.641207900660984,4
230.01324794872164,331.42424029959767,0.6514337768437909,0
206.3170959147099,329.58826308727265,6.256553985037172,1
257.0537149967595,468.6562748330414,2.75574271178466,2
593.4274287593578,990.6061445840722,5.974749002179845,3
235.62068121057828,305.4978872850311,22.22529032290062,4
230.0146355350552,329.4290377864475,0.6504635506906917,0
222.6007774798579,329.4290377864475,2.8063896408227595,1
235.43506149575245,361.47667792510407,1.0164757565713456,2
479.5560657375887,961.1855547595495,7.569411625433762,3
232.9696724070305,354.6599262024724,16.09434801985426,4
230.00510900548784,329.7074622466182,0.6439646990378208,0
218.89783840903524,329.39392698948956,1.607138411697497,1
256.21647429521227,556.3577444545588,4.1053241363739525,2
422.57186632753746,675.7885548699493,3.7537186604213595,3
232.28615025456128,330.6106493613449,14.133421497348591,4
229.97852396257045,328.9572326876272,0.6472507461967364,0
208.10183334595544,328.68258032705074,5.219410367982731,1
275.62019563169883,526.5271001441761,3.327466391554583,2
469.3222688402118,739.7157890271619,3.9181495133736024,3
233.38453914214762,318.9362719059927,17.286639186345116,4
230.02496417314134,329.3769612375047,0.6517858530993463,0
222.9834931063123,329.3769612375047,1.3680725561854448,1
243.77359580761254,406.97070785335876,1.9342602008086174,2
568.768889452987,934.3958326188816,5.920293305659454,3
233.17157318691258,324.0836311972893,16.610129967057688,4
230.00402488796442,329.80028147556516,0.6489737582745881,0
216.45681203240335,329.80028147556516,3.004305150773868,1
244.9692150414339,408.6271622789058,1.9772230676985076,2
424.48359171724155,720.3913436919933,5.11445073756757,3
233.3783595586388,305.7540410035988,17.204689686634577,4
229.99789342178764,329.99318252037716,0.6480971501009756,0
222.54136690488963,329.99318252037716,1.2570997473432142,1
266.5068777994546,582.6300782778097,4.7190788555950265,2
495.5282371982414,951.3325093735019,6.805571654909631,3
234.52420315021394,328.81257883964383,19.94757123542174,4
229.97685288608244,329.88511864426334,0.6513942376424374,0
225.60128020092614,329.88511864426334,1.1134864988936253,1
244.24172498213554,449.77365583132286,2.9369156970836077,2
534.3502549099624,896.0063679064924,4.945653361522072,3
232.88517911525986,345.73340714601545,15.96740027163702,4
230.02579903283913,329.91286189486857,0.6538734366857226,0
211.71696670377298,329.91286189486857,3.718311769297348,1
275.93560034248367,574.128965038815,4.901461635953447,2
366.9247032173289,691.8075709273686,4.510903573350542,3
234.47965261130423,313.6501474563989,19.784885269816975,4
229.99031763251875,330.20231518989567,0.6599346058848071,0
198.36801564704294,330.20231518989567,7.786297385913605,1
237.19107855785094,388.16264949670494,1.6554131186220011,2
493.6086318935931,818.9237606174662,4.415023447942914,3
236.22028127477432,305.4355390648281,23.44261156420621,4
229.97890770806114,329.9533735650177,0.6517964364085644,0
213.40053861093887,329.9533735650177,7.942700958964235,1
250.33896083940814,546.6861402462465,4.829801010629275,2
391.66073648833924,745.3344906127278,6.073817147297024,3
235.60592242223484,303.9408779528375,22.266190222009826,4
230.0148206493891,329.59823108885786,0.6469971440776707,0
197.54998455639415,329.59823108885786,6.662924888584776,1
239.55729641453024,423.9530301196637,2.2817941295349398,2
418.5502659458332,824.200028449507,5.683567411347703,3
232.50162194117627,348.04025935007843,14.758940671754914,4
230.02717001784075,330.3616299411947,0.6553059180748148,0
214.06257801807416,330.3616299411947,3.1915775415553966,1
284.09387374014835,575.8855039696668,4.716767723166103,2
517.2741589569184,918.5253825920219,6.239993582821299,3
231.48690085142567,333.4077561078655,11.302910067011753,4
229.97729001854432,329.0102905026858,0.643398022228669,0
210.9923163910838,329.0102905026858,7.20042254986349,1
242.33796379744223,419.554560952831,2.2144093950196697,2
477.3541717939925,915.7931823162043,5.906624447735921,3
231.18849620799077,321.58306426891284,10.297011075310403,4
230.0094186063376,329.91534475155987,0.649081820769796,0
217.779999851722,329.91534475155987,7.3537184751651825,1
254.1638711814524,553.0890477567044,4.447711251924622,2
375.21678680078145,664.3875029756957,4.802911112907754,3
233.43489151216158,317.0667116005534,17.335139256682165,4
230.01750169854773,329.2600704987217,0.6507983004170199,0
213.6246448987601,329.2600704987217,4.955909116805384,1
276.10329500116376,538.8301550464856,4.217618903271103,2
366.0929823786243,718.264777685624,5.709178973219987,3
232.5251007691396,342.1477402095669,14.820827491268599,4
229.9934980402172,330.2250106067485,0.6438555339153009,0
222.21958620195855,330.2250106067485,1.8495216430353831,1
239.22437183627304,419.57351284537316,1.8652601983370196,2
535.2500156573266,889.2089221267819,4.36792059719184,3
231.7031487685326,345.05869584774155,12.23285977800046,4
229.9991922776795,329.1372291384976,0.6496019300885914,0
208.65321087430385,329.1372291384976,5.816089351885612,1
237.18402001869615,365.64091813828446,1.1086145781416148,2
475.37948278732466,930.8805755008294,7.3232287562728136,3
231.7393696774263,311.75180239715525,12.341848413531386,4
230.0078123419861,329.2414272884834,0.6540690868109008,0
224.9668080410478,329.2414272884834,1.150505416626482,1
246.67150427840755,465.37870248858417,2.5430129958220684,2
569.1017002674914,943.6538790678007,4.484273181959374,3
233.65814587814486,312.5976459790711,17.898879771770197,4
230.02703929026978,329.3930427846568,0.6538190963113943,0
204.03505929606254,329.3930427846568,6.325690326927715,1
259.5393833487758,458.34666892217103,3.0055830417836864,2
463.6269056126799,754.154046360245,4.7477387364100405,3
231.97840794309116,309.7474911302219,13.069765460948629,4
230.0088958679578,329.11594754668636,0.6473673422463833,0
225.85448045605915,329.11594754668636,1.3066261213185868,1
255.44600866375802,438.5944829675276,2.084048848109639,2
442.35006521619886,709.998879910195,4.6844302344934805,3
233.97772497750998,309.98172525190773,18.668516652506735,4
230.01549128091932,329.4939573591953,0.6500819869456056,0
216.46119245601727,329.4939573591953,5.579539105223208,1
252.79924102716117,570.8221874629537,4.988337737235578,2
415.849139534695,822.0736276810826,6.6881262748870105,3
231.0038968103999,333.43462038412565,9.303411541720244,4
230.01636725158755,330.51774379171025,0.6458073940936241,0
219.95111038154926,330.51774379171025,1.8249534349870853,1
253.41124887463428,473.1445952472653,3.524822171653085,2
472.7077777179936,955.8567023369698,7.735771591045386,3
233.36720692222238,309.92810227033317,17.143753457972572,4
230.0008676196852,329.2002665891449,0.6442671801682099,0
218.84090767042696,329.2002665891449,2.723551552112809,1
261.87813260214983,536.9741112691862,4.905506477534028,2
447.29786810621806,803.8318849972098,5.486051056394854,3
231.28370445018848,318.9696836783798,10.596296040635963,4
229.99172796607547,329.7796718695781,0.6474289464174687,0
198.8084582487303,329.7796718695781,8.965977903076041,1
239.60081456021402,445.3211958290518,2.2757222249050257,2
499.91159235616533,923.2465613859433,6.877616977548801,3
232.79720411065244,323.5491914330428,15.680584403306302,4
230.0013845302013,330.05216097028915,0.6520402709140621,0
208.57110715655534,330.05216097028915,4.976195888806664,1
262.53021802432033,493.38913829746883,3.5420005420580893,2
442.68624977506613,709.1341084214376,4.635929678792299,3
233.13765402345368,338.2819201926261,16.5835396301632,4
230.0096602430188,329.90682628056777,0.6494761992431521,0
223.65103088545249,329.90682628056777,1.1500482883575185,1
277.4290089122629,539.1470145567909,3.1655985544993617,2
504.52408832026464,911.3772403297301,6.0751219112204575,3
233.67521856255215,323.98773384259425,17.936166832541375,4
230.01667905382456,329.2673617935617,0.6411328686255711,0
221.561028217262,329.2673617935617,2.0779984209393065,1
236.89465167377443,389.40157593996594,1.436621623405319,2
426.72125470111945,690.101412322514,3.7733092363827603,3
233.09138546589077,310.4591018279299,16.418144997182775,4
230.0067641720124,329.9976187812626,0.6511725910852002,0
207.03413377534355,329.9976187812626,4.500555759293446,1
240.35592030413665,428.7922464914058,2.341870362173298,2
531.6966414355228,836.8230184882985,4.113984261385884,3
235.2551434756948,294.7180674438728,21.4946036126196,4
230.01224003210348,331.2237236654397,0.6595637861617456,0
220.6801594967408,331.2237236654397,1.8413090332379412,1
270.39653536403085,500.7842307608558,3.598778175132004,2
583.2247755691391,982.8991100341287,5.205625961341433,3
232.9537004545217,339.85156987917566,16.057624700199018,4
229.995051685696,330.1612692104542,0.6515420703369721,0
219.10705144416846,330.1612692104542,2.5522870993359046,1
272.5219215864375,586.1436875182911,5.665032691312258,2
499.13623101714336,983.004421975434,6.788818588794625,3
233.26619398313042,327.4401211609921,16.9385042129667,4
229.97741732958843,330.2798281555818,0.6538957525315975,0
223.52683677292987,330.2798281555818,1.1943222232140027,1
252.6668754893038,470.3202491068256,3.024464190827978,2
525.0624532809564,919.4605234990578,6.374008973974026,3
235.5849632793625,309.5988095811014,22.227343655276915,4
230.01362697257613,329.2365233142458,0.6511142224423859,0
206.45149910514337,329.2365233142458,5.508194251639762,1
263.31047775525536,526.8867569007131,4.760113216382649,2
416.23286835402627,707.3509273651715,4.518606916368509,3
234.42299563671844,327.1970295866672,19.685428630746884,4
229.99692143533835,329.6467787427516,0.6499314589282029,0
223.95044586186697,328.5546336050657,1.075517696474494,1
238.62713078644995,381.46683512072434,1.479996650469984,2
454.9863525986579,768.000234761126,5.446655006189349,3
231.82606601667575,346.05087092524195,12.653850003302045,4
229.9795500990058,329.03315683293584,0.6465040891740169,0
217.06505211807692,329.03315683293584,2.5999541521752234,1
252.3308497191732,485.8309710874955,3.403387605176194,2
429.7058872243023,688.5793593677332,4.561879738726059,3
233.67579238679613,333.0442742464808,18.012654765420912,4
230.0251162287172,328.94346400291965,0.6408338523133492,0
205.79678894118612,328.94346400291965,6.162235851685147,1
249.1066655231407,465.2818331659294,3.3604023613964724,2
552.4446556199231,958.8910384197737,6.625594474962636,3
233.0556191319889,347.4903882405667,16.29879280198785,4
229.99665336900267,329.5692004176492,0.6459414763773009,0
217.92253791463864,329.5692004176492,5.778185051933181,1
235.29062364893696,391.63722853177825,1.4280505101335483,2
513.1096030423867,985.7675723139951,5.942037355291197,3
231.53892018892802,313.46874837768206,11.618291155038554,4
230.0068599400211,329.2353486159893,0.6413159386659115,0
212.7779117252903,329.2353486159893,4.2432887801550105,1
234.5403882332869,374.6678517063619,1.1551510024496205,2
441.8646157285074,780.4972679628685,4.461876537930525,3
235.227772154045,292.9814549439971,21.437389159082613,4
230.0105621356882,329.86241792550544,0.6409484665710445,0
221.03189234363305,329.5698849798975,1.259459285859428,1
247.904334696218,433.1296920516474,2.7334858891263516,2
470.79648032458647,889.2547053343293,6.5355224074356695,3
233.08914410200165,354.800983897113,16.428754183614096,4
230.0023506236624,329.65305158148635,0.6489715600293895,0
207.465006166386,329.32878766803765,5.481142377996638,1
267.7660308648964,540.9043975463387,3.324671516465384,2
558.0789350669785,972.4213504228709,6.696404597139163,3
234.29414652949745,334.5748511324936,19.419446981665036,4
230.0023724980925,329.5132706456631,0.6480956437336505,0
211.52380832455037,329.5132706456631,4.032760552510094,1
252.9955146561764,459.2689272072867,2.7282415032530616,2
392.4292726441083,791.9816902648151,5.26818004902858,3
232.75398912018107,342.84266514339566,15.52836242231567,4
229.99667842174554,329.14058423963985,0.6440611401913152,0
202.8521776573242,329.14058423963985,4.693260841341007,1
244.71501337298966,411.3738600476933,2.06689764029885,2
447.0642113698216,791.7184394299715,4.504343054709883,3
234.68107345261413,294.80052351890197,20.29593406834197,4
229.9895433547898,329.56861178045034,0.6516061527969013,0
223.41102892368428,329.56861178045034,1.3179264061549993,1
259.88954735626515,548.7778261903145,5.2348925155067825,2
433.53000397930236,715.5746900838981,4.798207283845817,3
231.31473943294074,330.30185170963443,10.77038736941897,4
230.01579600454508,329.5463919994286,0.6530959487451367,0
218.3744134715939,329.2325595001028,2.565597773049504,1
274.24470893878504,580.8746335533842,5.3558731477701516,2
438.43276914796456,895.065821919893,6.413689342435028,3
232.77417805275334,353.38819465589734,15.547280214375295,4
229.98990318836735,330.0956339520228,0.6501989348742879,0
222.7748052490471,329.36788230440504,1.1253653048906962,1
293.0241960500445,583.8763153938529,4.566109031103254,2
550.627177987387,919.6660959840874,4.8152553583264455,3
232.21941220559296,322.0816836256802,13.973176581163264,4
230.00480782624803,329.15940001557215,0.6446324465329939,0
211.82230137890798,329.15940001557215,6.617792986685453,1
281.28307106909136,577.9338758607261,5.0592265623286625,2
445.4768660543999,763.7808240344208,5.302849796323674,3
233.15343669191617,329.72077206997085,16.615932958798314,4
229.97666625931765,329.06168813764407,0.6566576162808859,0
221.20313279079787,329.06168813764407,2.8766042139649874,1
275.8731536432018,589.6738509689245,5.1903280633748246,2
450.1256693175654,917.3166155203654,7.3048527478571685,3
231.23136663858162,338.7468429382285,10.48089112531275,4
230.01577486634184,329.41801682656114,0.6505605131462522,0
225.06210225925528,329.41801682656114,1.507286405828551,1
250.94752470399578,520.2483172718792,4.692388573767834,2
445.8027555170917,719.0808409516154,4.605080425916223,3
235.16916877937265,310.31519757911167,21.29677703066125,4
230.02719194755682,329.00579017678587,0.64469112537864,0
218.66841174485162,329.00579017678587,2.4552340097532985,1
246.367563736645,424.6708002654209,1.779443782344609,2
420.5018513598501,809.5406698734273,6.662072234096132,3
233.06793960887202,308.5336834576655,16.326537193957517,4
230.03099211953113,330.4606812248244,0.6504100472192035,0
206.73542989235818,330.4606812248244,6.494163545477624,1
255.29260487888584,515.3612609437396,4.041828432001855,2
494.15985814292685,931.787402095374,5.617876907301599,3
234.10896631752246,333.23143428422514,18.924582073308933,4
229.99517297378256,328.771017236899,0.6436100019578741,0
218.05946201011002,328.771017236899,5.212682694130964,1
261.78107570607904,480.59093827778497,2.6672863942911103,2
392.8739284935654,677.8057288890691,3.7434068446628554,3
232.85682709770515,332.1806996306343,15.837219933189091,4
230.02907388667245,329.27170738587324,0.6484773372707746,0
210.33378027993766,329.27170738587324,8.503261101440298,1
256.77718268891664,473.31198984772664,2.8991611547527896,2
405.7549647044951,771.784218465271,4.842030439816887,3
233.9683358660201,301.9070889554296,18.59755669389138,4
229.99879946207426,329.0765859311348,0.6435965939969713,0
219.1011235859021,329.0765859311348,2.640958276263123,1
235.80881246551718,388.2217821110512,1.4582178681558853,2
545.1453406784592,863.4162486631393,5.507809395513928,3
234.57280665625422,321.48538149477207,20.05312584471404,4
230.0172472583824,329.9134796337608,0.64694344808969,0
211.11153365608448,329.0287027178526,2.197368460514941,1
249.68547819907351,509.4702903287389,4.120334755335688,2
427.1585041613334,670.4783966258038,4.264708193650311,3
234.4808325453884,314.3987249939163,19.80680642252884,4
230.03026350756554,329.2000721436499,0.6451613920705914,0
217.2911443321348,329.2000721436499,2.0585380186160607,1
256.3015392972369,545.2172096831076,4.63679026862507,2
423.1727563347408,754.0967165710414,5.406469840973911,3
231.46879103141987,343.40885796827973,11.219870048023859,4
230.01028805659547,329.86988205538916,0.640446920129163,0
204.56367023032126,329.86988205538916,4.226497366017558,1
241.13817021734573,384.73703237534926,1.1737170661496465,2
370.4467270930738,668.6677047231783,4.2793530549546706,3
233.05488423292996,308.26088455892045,16.33734932016094,4
230.00576477029972,329.93976874965637,0.6511241258051582,0
213.45080789322378,329.93976874965637,2.717622441027227,1
284.88448003630526,572.2664367613265,5.083251219918675,2
494.2123881484519,819.9039196001294,4.92991668794377,3
232.90022417794648,339.1151165802923,15.928096721450402,4
229.98793929101134,330.70506245824674,0.6472297999324933,0
217.79564786070043,330.70506245824674,4.988745243872764,1
251.18013170036244,518.1557399718819,4.346086933245257,2
497.9663591661596,851.1216521457923,4.972642476761842,3
232.97867513297007,313.46846080266454,16.192547497385753,4
229.98702708718497,329.6500674205926,0.6432435142695851,0
200.84087041304605,328.784149343291,5.717622104899708,1
238.65484313941406,408.3685798976643,1.9283605956865375,2
480.77955694235965,893.8725130569755,6.685309157904952,3
231.5519165081603,336.8042898280198,11.70331024569473,4
229.99461074947413,329.0244731052437,0.6540868866910932,0
223.27559013085295,329.0244731052437,1.0589705461187244,1
250.55359680719158,433.64856121698284,2.2602808285303904,2
374.09295207692526,681.4264111557703,4.000200901942083,3
230.65035746765997,328.67256909382627,7.585142315512712,4
229.9868655852668,330.05899632200277,0.6509013977328069,0
217.76632276154191,330.05899632200277,4.046392477708135,1
244.53861021210815,401.79777933459275,1.5820674388811518,2
527.8622126494652,864.4624950811494,5.205856916642336,3
233.46273063849662,339.3867733003956,17.46388481441264,4
230.0251257442322,328.6262965714651,0.6504239485746381,0
207.52740923532065,328.6262965714651,2.750584102071372,1
279.39275530544137,574.0011103917651,5.933188494417566,2
401.4651477332824,657.95949766832,3.5378090747231092,3
231.3529348788776,333.3615513859807,10.780087007736235,4
230.02435878563026,329.3724809843333,0.6453860667487822,0
221.60445788014275,328.92926614038896,1.6270712535559808,1
245.16386883325626,406.5550577623085,1.8417405741981308,2
481.8300196454221,864.5007454819882,6.305371528702058,3
233.4052161574892,349.4679568209742,17.220503276007733,4
229.98528849009628,329.73624660098744,0.6506994990644082,0
207.73630484020293,329.4706821088572,6.152349326449361,1
236.12757929279294,364.1950801099649,0.9409939195497636,2
560.4892817296869,960.1768604277638,5.6520655657416565,3
232.99809785307252,326.4243840517537,16.252723048291116,4
229.99591213926016,328.8317163096433,0.6565078063678865,0
194.8501710290093,328.8052105590757,9.595967969262501,1
287.5352411223691,561.9265128671452,3.954998266551566,2
451.960998244571,742.1220097523917,4.455773491375465,3
232.8677351882772,307.0605457670059,15.865977635216941,4
230.00448760204077,330.2259416390466,0.6471582830568103,0
207.59579167289803,329.0102123906472,8.962126303411189,1
245.118898405831,454.1721684594389,2.3079399739768185,2
406.70413875774574,709.6696715255084,4.982664749133477,3
231.59829804229147,323.4718310240068,11.810774369720727,4
230.02581071890626,329.633887761051,0.6418305009731703,0
204.76215683770124,329.633887761051,6.171710600643739,1
247.34301833394025,414.6667904100923,2.014169881301585,2
476.0819938871391,861.9319310359829,5.301227987331887,3
231.9926533827143,352.243814709498,13.121007401309418,4
229.98362962501525,329.8134519803718,0.6553843427375112,0
204.75808020527924,329.8134519803718,6.226328847718148,1
265.158859652671,476.8434149571746,2.6277125965665147,2
428.62637165685595,731.8824707353293,4.374811106579862,3
234.70389545041067,291.2875087830515,20.375160887029917,4
230.01157529066415,329.33198067698186,0.6476106842559176,0
200.63161000901337,329.33198067698186,9.158025394768334,1
252.56669692917404,537.7517102820352,5.480010198652423,2
436.1515045871393,708.8802209414473,4.7004842304026395,3
233.46509073513386,327.20663582949777,17.40623937716078,4
